{
  "best_fitness": 3.787500000000001,
  "generation": 0,
  "mean_fitness": 3.350000000000001,
  "strict_validation_details": null,
  "strict_validation_passed": null,
  "weights": {
    "a": 1.2281415074233522,
    "b": 0.5237501568164997,
    "c": 1.0082234798342002,
    "d": 0.5256900602614545,
    "f": 0.7400148178027495,
    "fast_search_max_carpet_points": 12.086164200601576,
    "fast_search_prob_threshold": 0.8825465223191977,
    "g": 0.46302752729094787,
    "late_centrality_scale": 0.21433443556737852,
    "late_mult_a": 1.5,
    "late_mult_b": 0.3,
    "late_mult_c": 0.5,
    "late_mult_d": 1.2,
    "late_mult_f": 0.5,
    "mid_lead_centrality_scale": 0.944508267734806,
    "mid_lead_space_bonus": 0.4295732899023541,
    "mid_mult_a": 1.0,
    "mid_mult_b": 0.8,
    "mid_mult_c": 1.5,
    "mid_mult_d": 0.8,
    "mid_mult_f": 1.0,
    "mid_trailing_centrality_scale": 1.1690941035862394,
    "opening_centrality_scale": 1.3638140911192118,
    "opening_mult_a": 1.2,
    "opening_mult_b": 1.0,
    "opening_mult_c": 1.5,
    "opening_mult_d": 0.4,
    "opening_mult_f": 1.0,
    "sabotage_bonus": 3.5730888128728155,
    "threatened_cashout_bonus": 2.1064618371106696,
    "time_late_cap": 3.0,
    "time_late_multiplier": 1.0,
    "time_mid_cap": 6.0,
    "time_mid_multiplier": 1.4,
    "time_opening_cap": 8.0,
    "time_opening_multiplier": 1.8
  },
  "worst_fitness": 2.7625000000000006
}
