{
  "best_fitness": 4.040609284332689,
  "generation": 15,
  "generation_telemetry": {
    "candidate_count": 24,
    "evaluated_games_total": 6240,
    "generation_eval_mode": "flattened",
    "planned_games_per_candidate": 260,
    "pruned_candidates": 0,
    "target_games_per_candidate": 260,
    "workers": 16
  },
  "mean_fitness": 2.2526041666666665,
  "strict_validation_details": null,
  "strict_validation_passed": null,
  "weights": {
    "a": 1.380438109137015,
    "b": 0.8082658087916941,
    "c": 1.7691624164322972,
    "carpet_counter_floor_early": 0.8259898779021514,
    "carpet_counter_floor_late": 1.5729434069302408,
    "carpet_counter_floor_pressure_gain": 1.688978082776293,
    "d": 0.42497658302929797,
    "f": 0.7954558500662943,
    "fast_search_max_carpet_points": 12.0,
    "fast_search_prob_threshold": 0.8,
    "g": 0.4799666122090473,
    "late_centrality_scale": 0.3661626999149199,
    "late_mult_a": 1.5,
    "late_mult_b": 0.3,
    "late_mult_c": 0.5,
    "late_mult_d": 1.2,
    "late_mult_f": 0.5,
    "lookahead_carpet_risk_penalty": 0.2759122346756223,
    "mid_lead_centrality_scale": 0.9633094703376209,
    "mid_lead_space_bonus": 0.745233512142248,
    "mid_mult_a": 1.0,
    "mid_mult_b": 0.8,
    "mid_mult_c": 1.5,
    "mid_mult_d": 0.8,
    "mid_mult_f": 1.0,
    "mid_trailing_centrality_scale": 1.0606119223018609,
    "opening_centrality_scale": 2.2692478912068994,
    "opening_mult_a": 1.2,
    "opening_mult_b": 1.0,
    "opening_mult_c": 1.5,
    "opening_mult_d": 0.4,
    "opening_mult_f": 1.0,
    "sabotage_bonus": 3.361612431658625,
    "search_gate_base_farm": 0.28326277478290735,
    "search_gate_base_nonfarm": 0.4535642825638576,
    "search_gate_slope_farm": 0.15535785499369642,
    "search_gate_slope_nonfarm": 0.442859878096321,
    "threatened_cashout_bonus": 1.55984359626685,
    "time_late_cap": 3.0,
    "time_late_multiplier": 1.0,
    "time_mid_cap": 6.0,
    "time_mid_multiplier": 1.4,
    "time_opening_cap": 8.0,
    "time_opening_multiplier": 1.8
  },
  "worst_fitness": -0.05140715667311421
}
