{
  "best_fitness": 3.8170127353266885,
  "generation": 7,
  "generation_telemetry": {
    "candidate_count": 24,
    "evaluated_games_total": 4800,
    "generation_eval_mode": "flattened",
    "planned_games_per_candidate": 200,
    "pruned_candidates": 0,
    "target_games_per_candidate": 200,
    "workers": 16
  },
  "mean_fitness": 1.27453569121447,
  "strict_validation_details": null,
  "strict_validation_passed": null,
  "weights": {
    "a": 1.1963116061814452,
    "b": 0.5028985518300693,
    "c": 1.5350132148879887,
    "carpet_counter_floor_early": 0.9880868203206696,
    "carpet_counter_floor_late": 1.7634743772358237,
    "carpet_counter_floor_pressure_gain": 1.662045306804934,
    "d": 0.3411080633204171,
    "f": 0.7682198842715267,
    "fast_search_max_carpet_points": 12.0,
    "fast_search_prob_threshold": 0.8,
    "g": 0.539323856541951,
    "late_centrality_scale": 0.33740073783208896,
    "late_mult_a": 1.5,
    "late_mult_b": 0.3,
    "late_mult_c": 0.5,
    "late_mult_d": 1.2,
    "late_mult_f": 0.5,
    "lookahead_carpet_risk_penalty": 0.5043067077558715,
    "mid_lead_centrality_scale": 0.9022495393030858,
    "mid_lead_space_bonus": 0.6372853051491756,
    "mid_mult_a": 1.0,
    "mid_mult_b": 0.8,
    "mid_mult_c": 1.5,
    "mid_mult_d": 0.8,
    "mid_mult_f": 1.0,
    "mid_trailing_centrality_scale": 1.096459332052075,
    "opening_centrality_scale": 1.7522408693503877,
    "opening_mult_a": 1.2,
    "opening_mult_b": 1.0,
    "opening_mult_c": 1.5,
    "opening_mult_d": 0.4,
    "opening_mult_f": 1.0,
    "sabotage_bonus": 3.8074541924332914,
    "search_gate_base_farm": 0.22640552973569733,
    "search_gate_base_nonfarm": 0.37882819290868086,
    "search_gate_slope_farm": 0.16779811390207383,
    "search_gate_slope_nonfarm": 0.4425839146388789,
    "threatened_cashout_bonus": 2.105847715360908,
    "time_late_cap": 3.0,
    "time_late_multiplier": 1.0,
    "time_mid_cap": 6.0,
    "time_mid_multiplier": 1.4,
    "time_opening_cap": 8.0,
    "time_opening_multiplier": 1.8
  },
  "worst_fitness": -0.9915420819490587
}
