{
  "best_fitness": 4.332946083172147,
  "generation": 20,
  "generation_telemetry": {
    "candidate_count": 24,
    "evaluated_games_total": 6240,
    "generation_eval_mode": "flattened",
    "planned_games_per_candidate": 260,
    "pruned_candidates": 0,
    "target_games_per_candidate": 260,
    "workers": 16
  },
  "mean_fitness": 2.6421836718246294,
  "strict_validation_details": null,
  "strict_validation_passed": null,
  "weights": {
    "a": 1.278247299567911,
    "b": 0.6463663648229346,
    "c": 2.221946735202616,
    "carpet_counter_floor_early": 0.4660019634221189,
    "carpet_counter_floor_late": 1.2519354450779416,
    "carpet_counter_floor_pressure_gain": 1.6624770374126019,
    "d": 0.48135370512146114,
    "f": 0.9225625609634223,
    "fast_search_max_carpet_points": 12.0,
    "fast_search_prob_threshold": 0.8,
    "g": 0.45453575057862483,
    "late_centrality_scale": 0.5772520051972477,
    "late_mult_a": 1.5,
    "late_mult_b": 0.3,
    "late_mult_c": 0.5,
    "late_mult_d": 1.2,
    "late_mult_f": 0.5,
    "lookahead_carpet_risk_penalty": 0.31326716088122986,
    "mid_lead_centrality_scale": 0.841564210783379,
    "mid_lead_space_bonus": 0.7796412568082663,
    "mid_mult_a": 1.0,
    "mid_mult_b": 0.8,
    "mid_mult_c": 1.5,
    "mid_mult_d": 0.8,
    "mid_mult_f": 1.0,
    "mid_trailing_centrality_scale": 0.7903728242680637,
    "opening_centrality_scale": 2.010172549358719,
    "opening_mult_a": 1.2,
    "opening_mult_b": 1.0,
    "opening_mult_c": 1.5,
    "opening_mult_d": 0.4,
    "opening_mult_f": 1.0,
    "sabotage_bonus": 2.9302838462656506,
    "search_gate_base_farm": 0.24518269291180264,
    "search_gate_base_nonfarm": 0.5039810932058757,
    "search_gate_slope_farm": 0.14357172982656285,
    "search_gate_slope_nonfarm": 0.42889571662965725,
    "threatened_cashout_bonus": 1.8244593836906207,
    "time_late_cap": 3.0,
    "time_late_multiplier": 1.0,
    "time_mid_cap": 6.0,
    "time_mid_multiplier": 1.4,
    "time_opening_cap": 8.0,
    "time_opening_multiplier": 1.8
  },
  "worst_fitness": 0.09646397485493233
}
