{
  "best_fitness": 2.5533361018826133,
  "generation": 2,
  "generation_telemetry": {
    "candidate_count": 24,
    "evaluated_games_total": 4800,
    "generation_eval_mode": "flattened",
    "planned_games_per_candidate": 200,
    "pruned_candidates": 0,
    "target_games_per_candidate": 200,
    "workers": 16
  },
  "mean_fitness": 0.28109484588409,
  "strict_validation_details": null,
  "strict_validation_passed": null,
  "weights": {
    "a": 1.3683532207842912,
    "b": 0.4566640318601505,
    "c": 1.3687111557081462,
    "carpet_counter_floor_early": 0.9001703900743054,
    "carpet_counter_floor_late": 2.008972193209294,
    "carpet_counter_floor_pressure_gain": 1.5916508777029548,
    "d": 0.38069279248353977,
    "f": 0.8450384046472973,
    "fast_search_max_carpet_points": 12.0,
    "fast_search_prob_threshold": 0.8,
    "g": 0.4171486211944413,
    "late_centrality_scale": 0.28843345404067755,
    "late_mult_a": 1.5,
    "late_mult_b": 0.3,
    "late_mult_c": 0.5,
    "late_mult_d": 1.2,
    "late_mult_f": 0.5,
    "lookahead_carpet_risk_penalty": 0.5019750581908864,
    "mid_lead_centrality_scale": 0.8107535590036039,
    "mid_lead_space_bonus": 0.47696534650452727,
    "mid_mult_a": 1.0,
    "mid_mult_b": 0.8,
    "mid_mult_c": 1.5,
    "mid_mult_d": 0.8,
    "mid_mult_f": 1.0,
    "mid_trailing_centrality_scale": 1.2202750805399336,
    "opening_centrality_scale": 1.4763244381903116,
    "opening_mult_a": 1.2,
    "opening_mult_b": 1.0,
    "opening_mult_c": 1.5,
    "opening_mult_d": 0.4,
    "opening_mult_f": 1.0,
    "sabotage_bonus": 3.705301177163046,
    "search_gate_base_farm": 0.2314618579319133,
    "search_gate_base_nonfarm": 0.3759945454973927,
    "search_gate_slope_farm": 0.2118865778911235,
    "search_gate_slope_nonfarm": 0.4347682301058161,
    "threatened_cashout_bonus": 1.9499134452596718,
    "time_late_cap": 3.0,
    "time_late_multiplier": 1.0,
    "time_mid_cap": 6.0,
    "time_mid_multiplier": 1.4,
    "time_opening_cap": 8.0,
    "time_opening_multiplier": 1.8
  },
  "worst_fitness": -3.468604651162791
}
