{
  "best_fitness": 3.2294296788482835,
  "generation": 5,
  "generation_telemetry": {
    "candidate_count": 24,
    "evaluated_games_total": 4800,
    "generation_eval_mode": "flattened",
    "planned_games_per_candidate": 200,
    "pruned_candidates": 0,
    "target_games_per_candidate": 200,
    "workers": 16
  },
  "mean_fitness": 1.1988383628645256,
  "strict_validation_details": null,
  "strict_validation_passed": null,
  "weights": {
    "a": 1.381666636317032,
    "b": 0.46407306209679455,
    "c": 1.5571575303988903,
    "carpet_counter_floor_early": 0.8576386292685906,
    "carpet_counter_floor_late": 1.730863553421442,
    "carpet_counter_floor_pressure_gain": 1.4531020804612844,
    "d": 0.39225852266417627,
    "f": 0.7720622719630066,
    "fast_search_max_carpet_points": 12.0,
    "fast_search_prob_threshold": 0.8,
    "g": 0.5689667241980315,
    "late_centrality_scale": 0.22911345202674877,
    "late_mult_a": 1.5,
    "late_mult_b": 0.3,
    "late_mult_c": 0.5,
    "late_mult_d": 1.2,
    "late_mult_f": 0.5,
    "lookahead_carpet_risk_penalty": 0.5710321546613512,
    "mid_lead_centrality_scale": 0.8716657629019756,
    "mid_lead_space_bonus": 0.5184163017993434,
    "mid_mult_a": 1.0,
    "mid_mult_b": 0.8,
    "mid_mult_c": 1.5,
    "mid_mult_d": 0.8,
    "mid_mult_f": 1.0,
    "mid_trailing_centrality_scale": 1.0998892348089813,
    "opening_centrality_scale": 1.620689342167032,
    "opening_mult_a": 1.2,
    "opening_mult_b": 1.0,
    "opening_mult_c": 1.5,
    "opening_mult_d": 0.4,
    "opening_mult_f": 1.0,
    "sabotage_bonus": 3.6811258705883896,
    "search_gate_base_farm": 0.21816807538576102,
    "search_gate_base_nonfarm": 0.3858038127507731,
    "search_gate_slope_farm": 0.17287011102697583,
    "search_gate_slope_nonfarm": 0.42830971381041766,
    "threatened_cashout_bonus": 1.8868954260293505,
    "time_late_cap": 3.0,
    "time_late_multiplier": 1.0,
    "time_mid_cap": 6.0,
    "time_mid_multiplier": 1.4,
    "time_opening_cap": 8.0,
    "time_opening_multiplier": 1.8
  },
  "worst_fitness": -1.2892441860465116
}
