{
  "best_fitness": 3.0727851605758585,
  "generation": 10,
  "generation_telemetry": {
    "candidate_count": 24,
    "evaluated_games_total": 4800,
    "generation_eval_mode": "flattened",
    "planned_games_per_candidate": 200,
    "pruned_candidates": 0,
    "target_games_per_candidate": 200,
    "workers": 16
  },
  "mean_fitness": 1.6550012689184204,
  "strict_validation_details": null,
  "strict_validation_passed": null,
  "weights": {
    "a": 1.172496200864997,
    "b": 0.44626601768197766,
    "c": 1.5632891608919521,
    "carpet_counter_floor_early": 1.033026969713084,
    "carpet_counter_floor_late": 1.8688108325894972,
    "carpet_counter_floor_pressure_gain": 1.4380274158649216,
    "d": 0.3639814359927364,
    "f": 0.7364416592369175,
    "fast_search_max_carpet_points": 12.0,
    "fast_search_prob_threshold": 0.8,
    "g": 0.5835939864412996,
    "late_centrality_scale": 0.2621210300198246,
    "late_mult_a": 1.5,
    "late_mult_b": 0.3,
    "late_mult_c": 0.5,
    "late_mult_d": 1.2,
    "late_mult_f": 0.5,
    "lookahead_carpet_risk_penalty": 0.4356917906662586,
    "mid_lead_centrality_scale": 0.7093483403440766,
    "mid_lead_space_bonus": 0.5906771052258921,
    "mid_mult_a": 1.0,
    "mid_mult_b": 0.8,
    "mid_mult_c": 1.5,
    "mid_mult_d": 0.8,
    "mid_mult_f": 1.0,
    "mid_trailing_centrality_scale": 1.12683352051268,
    "opening_centrality_scale": 2.088940902143186,
    "opening_mult_a": 1.2,
    "opening_mult_b": 1.0,
    "opening_mult_c": 1.5,
    "opening_mult_d": 0.4,
    "opening_mult_f": 1.0,
    "sabotage_bonus": 3.4422478745240523,
    "search_gate_base_farm": 0.2243835631967364,
    "search_gate_base_nonfarm": 0.3759371697899469,
    "search_gate_slope_farm": 0.20519664902920112,
    "search_gate_slope_nonfarm": 0.4860689585402323,
    "threatened_cashout_bonus": 2.1154084346153077,
    "time_late_cap": 3.0,
    "time_late_multiplier": 1.0,
    "time_mid_cap": 6.0,
    "time_mid_multiplier": 1.4,
    "time_opening_cap": 8.0,
    "time_opening_multiplier": 1.8
  },
  "worst_fitness": 0.20789036544850492
}
