{
  "best_fitness": 3.4978571428571428,
  "generation": 22,
  "generation_telemetry": {
    "candidate_count": 24,
    "evaluated_games_total": 7920,
    "generation_eval_mode": "flattened",
    "planned_games_per_candidate": 330,
    "pruned_candidates": 0,
    "target_games_per_candidate": 330,
    "workers": 16
  },
  "mean_fitness": 2.5287648809523806,
  "strict_validation_details": null,
  "strict_validation_passed": null,
  "weights": {
    "a": 1.3405425600724603,
    "b": 0.6356695214586389,
    "c": 2.1658198306886765,
    "carpet_counter_floor_early": 0.7570795812143979,
    "carpet_counter_floor_late": 1.3766243106141283,
    "carpet_counter_floor_pressure_gain": 1.8949283166981359,
    "d": 0.46008007494778597,
    "f": 0.9046363136221076,
    "fast_search_max_carpet_points": 12.0,
    "fast_search_prob_threshold": 0.8,
    "g": 0.4217439252730104,
    "late_centrality_scale": 0.47407392462879794,
    "late_mult_a": 1.5,
    "late_mult_b": 0.3,
    "late_mult_c": 0.5,
    "late_mult_d": 1.2,
    "late_mult_f": 0.5,
    "lookahead_carpet_risk_penalty": 0.4576427833993776,
    "mid_lead_centrality_scale": 0.576514519716286,
    "mid_lead_space_bonus": 0.5818814955759737,
    "mid_mult_a": 1.0,
    "mid_mult_b": 0.8,
    "mid_mult_c": 1.5,
    "mid_mult_d": 0.8,
    "mid_mult_f": 1.0,
    "mid_trailing_centrality_scale": 0.8248835207698645,
    "opening_centrality_scale": 1.9694081119754012,
    "opening_mult_a": 1.2,
    "opening_mult_b": 1.0,
    "opening_mult_c": 1.5,
    "opening_mult_d": 0.4,
    "opening_mult_f": 1.0,
    "sabotage_bonus": 3.223215874026513,
    "search_gate_base_farm": 0.2677365809136119,
    "search_gate_base_nonfarm": 0.43370311480418644,
    "search_gate_slope_farm": 0.14447375306077817,
    "search_gate_slope_nonfarm": 0.44442725249200277,
    "threatened_cashout_bonus": 1.5198402099075197,
    "time_late_cap": 3.0,
    "time_late_multiplier": 1.0,
    "time_mid_cap": 6.0,
    "time_mid_multiplier": 1.4,
    "time_opening_cap": 8.0,
    "time_opening_multiplier": 1.8
  },
  "worst_fitness": 1.2167857142857144
}
