{
  "best_fitness": 4.280345744680852,
  "generation": 11,
  "generation_telemetry": {
    "candidate_count": 24,
    "evaluated_games_total": 6240,
    "generation_eval_mode": "flattened",
    "planned_games_per_candidate": 260,
    "pruned_candidates": 0,
    "target_games_per_candidate": 260,
    "workers": 16
  },
  "mean_fitness": 1.8500393395390071,
  "strict_validation_details": null,
  "strict_validation_passed": null,
  "weights": {
    "a": 1.4395169703458641,
    "b": 0.591981471535865,
    "c": 1.7439952920730393,
    "carpet_counter_floor_early": 1.1817432828614993,
    "carpet_counter_floor_late": 1.6737330386356206,
    "carpet_counter_floor_pressure_gain": 1.5234256664939263,
    "d": 0.4247941081411073,
    "f": 0.6145558662562509,
    "fast_search_max_carpet_points": 12.0,
    "fast_search_prob_threshold": 0.8,
    "g": 0.538557316881212,
    "late_centrality_scale": 0.2937742406788286,
    "late_mult_a": 1.5,
    "late_mult_b": 0.3,
    "late_mult_c": 0.5,
    "late_mult_d": 1.2,
    "late_mult_f": 0.5,
    "lookahead_carpet_risk_penalty": 0.46660835080742724,
    "mid_lead_centrality_scale": 0.7633280084375336,
    "mid_lead_space_bonus": 0.5884153653024183,
    "mid_mult_a": 1.0,
    "mid_mult_b": 0.8,
    "mid_mult_c": 1.5,
    "mid_mult_d": 0.8,
    "mid_mult_f": 1.0,
    "mid_trailing_centrality_scale": 1.0570921151850787,
    "opening_centrality_scale": 2.019524409651259,
    "opening_mult_a": 1.2,
    "opening_mult_b": 1.0,
    "opening_mult_c": 1.5,
    "opening_mult_d": 0.4,
    "opening_mult_f": 1.0,
    "sabotage_bonus": 3.289888318794364,
    "search_gate_base_farm": 0.25010264619764633,
    "search_gate_base_nonfarm": 0.40084590839237083,
    "search_gate_slope_farm": 0.16047489528389225,
    "search_gate_slope_nonfarm": 0.4550201653450714,
    "threatened_cashout_bonus": 1.8321819316174193,
    "time_late_cap": 3.0,
    "time_late_multiplier": 1.0,
    "time_mid_cap": 6.0,
    "time_mid_multiplier": 1.4,
    "time_opening_cap": 8.0,
    "time_opening_multiplier": 1.8
  },
  "worst_fitness": 0.338375241779497
}
