{
  "best_fitness": 1.6135382059800665,
  "generation": 0,
  "generation_telemetry": {
    "candidate_count": 24,
    "evaluated_games_total": 4800,
    "generation_eval_mode": "flattened",
    "planned_games_per_candidate": 200,
    "pruned_candidates": 0,
    "target_games_per_candidate": 200,
    "workers": 16
  },
  "mean_fitness": -0.6361647517534145,
  "strict_validation_details": null,
  "strict_validation_passed": null,
  "weights": {
    "a": 1.4378797678263628,
    "b": 0.5490249955870712,
    "c": 1.2176760877208694,
    "carpet_counter_floor_early": 1.2104276637782436,
    "carpet_counter_floor_late": 1.7897133284883537,
    "carpet_counter_floor_pressure_gain": 1.5770284781040964,
    "d": 0.3640044025266397,
    "f": 0.7449748528274671,
    "fast_search_max_carpet_points": 12.0,
    "fast_search_prob_threshold": 0.8,
    "g": 0.3920678342403419,
    "late_centrality_scale": 0.28917946386491467,
    "late_mult_a": 1.5,
    "late_mult_b": 0.3,
    "late_mult_c": 0.5,
    "late_mult_d": 1.2,
    "late_mult_f": 0.5,
    "lookahead_carpet_risk_penalty": 0.7232189963833657,
    "mid_lead_centrality_scale": 0.7051949421890618,
    "mid_lead_space_bonus": 0.5226165891588285,
    "mid_mult_a": 1.0,
    "mid_mult_b": 0.8,
    "mid_mult_c": 1.5,
    "mid_mult_d": 0.8,
    "mid_mult_f": 1.0,
    "mid_trailing_centrality_scale": 1.4124586789952958,
    "opening_centrality_scale": 1.497216003306735,
    "opening_mult_a": 1.2,
    "opening_mult_b": 1.0,
    "opening_mult_c": 1.5,
    "opening_mult_d": 0.4,
    "opening_mult_f": 1.0,
    "sabotage_bonus": 3.237039928498035,
    "search_gate_base_farm": 0.23928573192502423,
    "search_gate_base_nonfarm": 0.3677988544704913,
    "search_gate_slope_farm": 0.2383289786275117,
    "search_gate_slope_nonfarm": 0.47271733703641305,
    "threatened_cashout_bonus": 1.9934913727184513,
    "time_late_cap": 3.0,
    "time_late_multiplier": 1.0,
    "time_mid_cap": 6.0,
    "time_mid_multiplier": 1.4,
    "time_opening_cap": 8.0,
    "time_opening_multiplier": 1.8
  },
  "worst_fitness": -3.0962901439645627
}
