{
  "best_fitness": 3.8775773694390714,
  "generation": 17,
  "generation_telemetry": {
    "candidate_count": 24,
    "evaluated_games_total": 6240,
    "generation_eval_mode": "flattened",
    "planned_games_per_candidate": 260,
    "pruned_candidates": 0,
    "target_games_per_candidate": 260,
    "workers": 16
  },
  "mean_fitness": 2.285606161347518,
  "strict_validation_details": null,
  "strict_validation_passed": null,
  "weights": {
    "a": 1.2808002766190612,
    "b": 0.6060972272617524,
    "c": 2.0043439116357242,
    "carpet_counter_floor_early": 0.5743253918098454,
    "carpet_counter_floor_late": 1.3704067631787973,
    "carpet_counter_floor_pressure_gain": 1.4623588710664184,
    "d": 0.47086772514224656,
    "f": 0.7359318108454325,
    "fast_search_max_carpet_points": 12.0,
    "fast_search_prob_threshold": 0.8,
    "g": 0.6047193285785155,
    "late_centrality_scale": 0.3816557602276364,
    "late_mult_a": 1.5,
    "late_mult_b": 0.3,
    "late_mult_c": 0.5,
    "late_mult_d": 1.2,
    "late_mult_f": 0.5,
    "lookahead_carpet_risk_penalty": 0.24115006100676978,
    "mid_lead_centrality_scale": 0.8619790616458404,
    "mid_lead_space_bonus": 0.8632791267677478,
    "mid_mult_a": 1.0,
    "mid_mult_b": 0.8,
    "mid_mult_c": 1.5,
    "mid_mult_d": 0.8,
    "mid_mult_f": 1.0,
    "mid_trailing_centrality_scale": 1.175410658313602,
    "opening_centrality_scale": 2.3703192227124323,
    "opening_mult_a": 1.2,
    "opening_mult_b": 1.0,
    "opening_mult_c": 1.5,
    "opening_mult_d": 0.4,
    "opening_mult_f": 1.0,
    "sabotage_bonus": 2.6811908950891987,
    "search_gate_base_farm": 0.25916835751856765,
    "search_gate_base_nonfarm": 0.46429320483127834,
    "search_gate_slope_farm": 0.16009917860245473,
    "search_gate_slope_nonfarm": 0.42235540278905326,
    "threatened_cashout_bonus": 2.0718609620434743,
    "time_late_cap": 3.0,
    "time_late_multiplier": 1.0,
    "time_mid_cap": 6.0,
    "time_mid_multiplier": 1.4,
    "time_opening_cap": 8.0,
    "time_opening_multiplier": 1.8
  },
  "worst_fitness": 0.42465909090909093
}
