{
  "best_fitness": 4.2214285714285715,
  "generation": 27,
  "generation_telemetry": {
    "candidate_count": 24,
    "evaluated_games_total": 7920,
    "generation_eval_mode": "flattened",
    "planned_games_per_candidate": 330,
    "pruned_candidates": 0,
    "target_games_per_candidate": 330,
    "workers": 16
  },
  "mean_fitness": 2.510669642857143,
  "strict_validation_details": null,
  "strict_validation_passed": null,
  "weights": {
    "a": 0.9719622866462977,
    "b": 0.8468102146517605,
    "c": 2.5177139977846834,
    "carpet_counter_floor_early": 0.6941070570128122,
    "carpet_counter_floor_late": 1.9317277443294294,
    "carpet_counter_floor_pressure_gain": 1.8529117516213298,
    "d": 0.49880752041946175,
    "f": 0.7704812845759783,
    "fast_search_max_carpet_points": 12.0,
    "fast_search_prob_threshold": 0.8,
    "g": 0.33681263073923706,
    "late_centrality_scale": 0.32930429674259165,
    "late_mult_a": 1.5,
    "late_mult_b": 0.3,
    "late_mult_c": 0.5,
    "late_mult_d": 1.2,
    "late_mult_f": 0.5,
    "lookahead_carpet_risk_penalty": 0.3577132551027821,
    "mid_lead_centrality_scale": 0.706917186179993,
    "mid_lead_space_bonus": 0.8473076078133882,
    "mid_mult_a": 1.0,
    "mid_mult_b": 0.8,
    "mid_mult_c": 1.5,
    "mid_mult_d": 0.8,
    "mid_mult_f": 1.0,
    "mid_trailing_centrality_scale": 1.2735462064031506,
    "opening_centrality_scale": 2.2422259910594597,
    "opening_mult_a": 1.2,
    "opening_mult_b": 1.0,
    "opening_mult_c": 1.5,
    "opening_mult_d": 0.4,
    "opening_mult_f": 1.0,
    "sabotage_bonus": 2.5673547082769304,
    "search_gate_base_farm": 0.24499576973694923,
    "search_gate_base_nonfarm": 0.4361682663176528,
    "search_gate_slope_farm": 0.07788658815192773,
    "search_gate_slope_nonfarm": 0.521921610283274,
    "threatened_cashout_bonus": 1.5659770224014613,
    "time_late_cap": 3.0,
    "time_late_multiplier": 1.0,
    "time_mid_cap": 6.0,
    "time_mid_multiplier": 1.4,
    "time_opening_cap": 8.0,
    "time_opening_multiplier": 1.8
  },
  "worst_fitness": 0.5921428571428571
}
