{
  "best_fitness": 4.296970502901354,
  "generation": 18,
  "generation_telemetry": {
    "candidate_count": 24,
    "evaluated_games_total": 6240,
    "generation_eval_mode": "flattened",
    "planned_games_per_candidate": 260,
    "pruned_candidates": 0,
    "target_games_per_candidate": 260,
    "workers": 16
  },
  "mean_fitness": 2.352043741940683,
  "strict_validation_details": null,
  "strict_validation_passed": null,
  "weights": {
    "a": 1.4382239227963638,
    "b": 0.8208788427684865,
    "c": 2.1443214522693075,
    "carpet_counter_floor_early": 0.6418707761483335,
    "carpet_counter_floor_late": 1.7278483505060527,
    "carpet_counter_floor_pressure_gain": 1.751264286492624,
    "d": 0.6092452675264508,
    "f": 0.68052280420689,
    "fast_search_max_carpet_points": 12.0,
    "fast_search_prob_threshold": 0.8,
    "g": 0.54548039931555,
    "late_centrality_scale": 0.46680642529033295,
    "late_mult_a": 1.5,
    "late_mult_b": 0.3,
    "late_mult_c": 0.5,
    "late_mult_d": 1.2,
    "late_mult_f": 0.5,
    "lookahead_carpet_risk_penalty": 0.14502802428353972,
    "mid_lead_centrality_scale": 0.7507855874229069,
    "mid_lead_space_bonus": 0.7070309296692112,
    "mid_mult_a": 1.0,
    "mid_mult_b": 0.8,
    "mid_mult_c": 1.5,
    "mid_mult_d": 0.8,
    "mid_mult_f": 1.0,
    "mid_trailing_centrality_scale": 1.44692627166522,
    "opening_centrality_scale": 2.3461641397977244,
    "opening_mult_a": 1.2,
    "opening_mult_b": 1.0,
    "opening_mult_c": 1.5,
    "opening_mult_d": 0.4,
    "opening_mult_f": 1.0,
    "sabotage_bonus": 2.47675050246684,
    "search_gate_base_farm": 0.28893852341416965,
    "search_gate_base_nonfarm": 0.49722883912213567,
    "search_gate_slope_farm": 0.23255413686662998,
    "search_gate_slope_nonfarm": 0.5215497118722271,
    "threatened_cashout_bonus": 1.3876476869661007,
    "time_late_cap": 3.0,
    "time_late_multiplier": 1.0,
    "time_mid_cap": 6.0,
    "time_mid_multiplier": 1.4,
    "time_opening_cap": 8.0,
    "time_opening_multiplier": 1.8
  },
  "worst_fitness": -0.006060203094777394
}
