{
  "best_fitness": 4.474285714285714,
  "generation": 21,
  "generation_telemetry": {
    "candidate_count": 24,
    "evaluated_games_total": 7920,
    "generation_eval_mode": "flattened",
    "planned_games_per_candidate": 330,
    "pruned_candidates": 0,
    "target_games_per_candidate": 330,
    "workers": 16
  },
  "mean_fitness": 2.379523809523809,
  "strict_validation_details": null,
  "strict_validation_passed": null,
  "weights": {
    "a": 1.3028546923944473,
    "b": 0.694280794051371,
    "c": 2.294070177937668,
    "carpet_counter_floor_early": 0.5759623025427482,
    "carpet_counter_floor_late": 0.9469789688488095,
    "carpet_counter_floor_pressure_gain": 1.4974302986000605,
    "d": 0.5009232864259878,
    "f": 0.7697918209164484,
    "fast_search_max_carpet_points": 12.0,
    "fast_search_prob_threshold": 0.8,
    "g": 0.635950656162719,
    "late_centrality_scale": 0.4844998265331511,
    "late_mult_a": 1.5,
    "late_mult_b": 0.3,
    "late_mult_c": 0.5,
    "late_mult_d": 1.2,
    "late_mult_f": 0.5,
    "lookahead_carpet_risk_penalty": 0.301097996324208,
    "mid_lead_centrality_scale": 0.5811015575735945,
    "mid_lead_space_bonus": 0.638551750425941,
    "mid_mult_a": 1.0,
    "mid_mult_b": 0.8,
    "mid_mult_c": 1.5,
    "mid_mult_d": 0.8,
    "mid_mult_f": 1.0,
    "mid_trailing_centrality_scale": 0.8817670190374184,
    "opening_centrality_scale": 2.26500687373413,
    "opening_mult_a": 1.2,
    "opening_mult_b": 1.0,
    "opening_mult_c": 1.5,
    "opening_mult_d": 0.4,
    "opening_mult_f": 1.0,
    "sabotage_bonus": 2.7689640541630713,
    "search_gate_base_farm": 0.252923396147162,
    "search_gate_base_nonfarm": 0.4390544206488603,
    "search_gate_slope_farm": 0.16920243437648008,
    "search_gate_slope_nonfarm": 0.4538640193995902,
    "threatened_cashout_bonus": 1.613581762608242,
    "time_late_cap": 3.0,
    "time_late_multiplier": 1.0,
    "time_mid_cap": 6.0,
    "time_mid_multiplier": 1.4,
    "time_opening_cap": 8.0,
    "time_opening_multiplier": 1.8
  },
  "worst_fitness": 0.5949999999999998
}
