{
  "best_fitness": 3.767257011605416,
  "generation": 13,
  "generation_telemetry": {
    "candidate_count": 24,
    "evaluated_games_total": 6240,
    "generation_eval_mode": "flattened",
    "planned_games_per_candidate": 260,
    "pruned_candidates": 0,
    "target_games_per_candidate": 260,
    "workers": 16
  },
  "mean_fitness": 1.8471301277401675,
  "strict_validation_details": null,
  "strict_validation_passed": null,
  "weights": {
    "a": 1.4650469310266427,
    "b": 0.520367122622443,
    "c": 1.9661769928189918,
    "carpet_counter_floor_early": 0.898829299785373,
    "carpet_counter_floor_late": 1.5429383034997097,
    "carpet_counter_floor_pressure_gain": 1.6456035926702137,
    "d": 0.35634306215047984,
    "f": 0.8392649334101024,
    "fast_search_max_carpet_points": 12.0,
    "fast_search_prob_threshold": 0.8,
    "g": 0.5216218999713517,
    "late_centrality_scale": 0.2152073050718889,
    "late_mult_a": 1.5,
    "late_mult_b": 0.3,
    "late_mult_c": 0.5,
    "late_mult_d": 1.2,
    "late_mult_f": 0.5,
    "lookahead_carpet_risk_penalty": 0.34371502013974814,
    "mid_lead_centrality_scale": 0.8764551081355629,
    "mid_lead_space_bonus": 0.8513294474415368,
    "mid_mult_a": 1.0,
    "mid_mult_b": 0.8,
    "mid_mult_c": 1.5,
    "mid_mult_d": 0.8,
    "mid_mult_f": 1.0,
    "mid_trailing_centrality_scale": 1.1064840291938502,
    "opening_centrality_scale": 2.05737493170548,
    "opening_mult_a": 1.2,
    "opening_mult_b": 1.0,
    "opening_mult_c": 1.5,
    "opening_mult_d": 0.4,
    "opening_mult_f": 1.0,
    "sabotage_bonus": 3.3835050165064224,
    "search_gate_base_farm": 0.23722445880334248,
    "search_gate_base_nonfarm": 0.3577277663298671,
    "search_gate_slope_farm": 0.20000141117806988,
    "search_gate_slope_nonfarm": 0.5194714945671051,
    "threatened_cashout_bonus": 2.106931033304468,
    "time_late_cap": 3.0,
    "time_late_multiplier": 1.0,
    "time_mid_cap": 6.0,
    "time_mid_multiplier": 1.4,
    "time_opening_cap": 8.0,
    "time_opening_multiplier": 1.8
  },
  "worst_fitness": -0.3207543520309478
}
