{
  "best_fitness": 3.2239064230343297,
  "generation": 8,
  "generation_telemetry": {
    "candidate_count": 24,
    "evaluated_games_total": 4800,
    "generation_eval_mode": "flattened",
    "planned_games_per_candidate": 200,
    "pruned_candidates": 0,
    "target_games_per_candidate": 200,
    "workers": 16
  },
  "mean_fitness": 1.7142736018826135,
  "strict_validation_details": null,
  "strict_validation_passed": null,
  "weights": {
    "a": 1.316836803653418,
    "b": 0.5235479344123669,
    "c": 1.7051754821222276,
    "carpet_counter_floor_early": 0.7378721633135056,
    "carpet_counter_floor_late": 1.723144593753081,
    "carpet_counter_floor_pressure_gain": 1.601275072591843,
    "d": 0.3835767529197887,
    "f": 0.832931796079063,
    "fast_search_max_carpet_points": 12.0,
    "fast_search_prob_threshold": 0.8,
    "g": 0.5133640026619898,
    "late_centrality_scale": 0.30488345025722674,
    "late_mult_a": 1.5,
    "late_mult_b": 0.3,
    "late_mult_c": 0.5,
    "late_mult_d": 1.2,
    "late_mult_f": 0.5,
    "lookahead_carpet_risk_penalty": 0.48234732120255636,
    "mid_lead_centrality_scale": 0.7788692539104816,
    "mid_lead_space_bonus": 0.5703213536735192,
    "mid_mult_a": 1.0,
    "mid_mult_b": 0.8,
    "mid_mult_c": 1.5,
    "mid_mult_d": 0.8,
    "mid_mult_f": 1.0,
    "mid_trailing_centrality_scale": 1.119461604837012,
    "opening_centrality_scale": 1.9380670736033423,
    "opening_mult_a": 1.2,
    "opening_mult_b": 1.0,
    "opening_mult_c": 1.5,
    "opening_mult_d": 0.4,
    "opening_mult_f": 1.0,
    "sabotage_bonus": 3.3532626240947243,
    "search_gate_base_farm": 0.22413506698787522,
    "search_gate_base_nonfarm": 0.40006464370586087,
    "search_gate_slope_farm": 0.2030664579759808,
    "search_gate_slope_nonfarm": 0.4469196319079172,
    "threatened_cashout_bonus": 2.1835148260261374,
    "time_late_cap": 3.0,
    "time_late_multiplier": 1.0,
    "time_mid_cap": 6.0,
    "time_mid_multiplier": 1.4,
    "time_opening_cap": 8.0,
    "time_opening_multiplier": 1.8
  },
  "worst_fitness": -0.6343715393133998
}
