{
  "best_fitness": 3.1973283499446286,
  "generation": 3,
  "generation_telemetry": {
    "candidate_count": 24,
    "evaluated_games_total": 4800,
    "generation_eval_mode": "flattened",
    "planned_games_per_candidate": 200,
    "pruned_candidates": 0,
    "target_games_per_candidate": 200,
    "workers": 16
  },
  "mean_fitness": 0.6540143964562569,
  "strict_validation_details": null,
  "strict_validation_passed": null,
  "weights": {
    "a": 1.3310156849775314,
    "b": 0.3598301537816432,
    "c": 1.2478342936277034,
    "carpet_counter_floor_early": 0.696959893546153,
    "carpet_counter_floor_late": 1.8368280844251903,
    "carpet_counter_floor_pressure_gain": 1.8332612987568588,
    "d": 0.33886566996357204,
    "f": 0.7279472039882245,
    "fast_search_max_carpet_points": 12.0,
    "fast_search_prob_threshold": 0.8,
    "g": 0.4379468255179575,
    "late_centrality_scale": 0.30274991347049507,
    "late_mult_a": 1.5,
    "late_mult_b": 0.3,
    "late_mult_c": 0.5,
    "late_mult_d": 1.2,
    "late_mult_f": 0.5,
    "lookahead_carpet_risk_penalty": 0.6017521629718192,
    "mid_lead_centrality_scale": 0.7145256257674073,
    "mid_lead_space_bonus": 0.5064137593059136,
    "mid_mult_a": 1.0,
    "mid_mult_b": 0.8,
    "mid_mult_c": 1.5,
    "mid_mult_d": 0.8,
    "mid_mult_f": 1.0,
    "mid_trailing_centrality_scale": 1.0442755631945804,
    "opening_centrality_scale": 1.63618039218737,
    "opening_mult_a": 1.2,
    "opening_mult_b": 1.0,
    "opening_mult_c": 1.5,
    "opening_mult_d": 0.4,
    "opening_mult_f": 1.0,
    "sabotage_bonus": 3.5085693713594104,
    "search_gate_base_farm": 0.23673415346722637,
    "search_gate_base_nonfarm": 0.3956121660005202,
    "search_gate_slope_farm": 0.1883674308257888,
    "search_gate_slope_nonfarm": 0.4651630178234899,
    "threatened_cashout_bonus": 2.253351031603836,
    "time_late_cap": 3.0,
    "time_late_multiplier": 1.0,
    "time_mid_cap": 6.0,
    "time_mid_multiplier": 1.4,
    "time_opening_cap": 8.0,
    "time_opening_multiplier": 1.8
  },
  "worst_fitness": -1.8688953488372095
}
