{
  "best_fitness": 4.014562569213732,
  "generation": 6,
  "generation_telemetry": {
    "candidate_count": 24,
    "evaluated_games_total": 4800,
    "generation_eval_mode": "flattened",
    "planned_games_per_candidate": 200,
    "pruned_candidates": 0,
    "target_games_per_candidate": 200,
    "workers": 16
  },
  "mean_fitness": 1.419314091915836,
  "strict_validation_details": null,
  "strict_validation_passed": null,
  "weights": {
    "a": 1.4585614370465274,
    "b": 0.5351408062199396,
    "c": 1.5840869460080227,
    "carpet_counter_floor_early": 0.962947211833806,
    "carpet_counter_floor_late": 1.9094817795806538,
    "carpet_counter_floor_pressure_gain": 1.4877920490607943,
    "d": 0.3286579127805014,
    "f": 0.7623595358000844,
    "fast_search_max_carpet_points": 12.0,
    "fast_search_prob_threshold": 0.8,
    "g": 0.44512337272834673,
    "late_centrality_scale": 0.308675968633812,
    "late_mult_a": 1.5,
    "late_mult_b": 0.3,
    "late_mult_c": 0.5,
    "late_mult_d": 1.2,
    "late_mult_f": 0.5,
    "lookahead_carpet_risk_penalty": 0.4720521592011254,
    "mid_lead_centrality_scale": 0.9502826765551984,
    "mid_lead_space_bonus": 0.5892969195041864,
    "mid_mult_a": 1.0,
    "mid_mult_b": 0.8,
    "mid_mult_c": 1.5,
    "mid_mult_d": 0.8,
    "mid_mult_f": 1.0,
    "mid_trailing_centrality_scale": 1.0948666436514811,
    "opening_centrality_scale": 1.67986501875426,
    "opening_mult_a": 1.2,
    "opening_mult_b": 1.0,
    "opening_mult_c": 1.5,
    "opening_mult_d": 0.4,
    "opening_mult_f": 1.0,
    "sabotage_bonus": 3.343776210276299,
    "search_gate_base_farm": 0.2527787684617155,
    "search_gate_base_nonfarm": 0.3929541399244146,
    "search_gate_slope_farm": 0.19536582781979703,
    "search_gate_slope_nonfarm": 0.5229393684998568,
    "threatened_cashout_bonus": 1.815024565865292,
    "time_late_cap": 3.0,
    "time_late_multiplier": 1.0,
    "time_mid_cap": 6.0,
    "time_mid_multiplier": 1.4,
    "time_opening_cap": 8.0,
    "time_opening_multiplier": 1.8
  },
  "worst_fitness": -1.6721622369878184
}
