{
  "best_fitness": 2.4550249169435214,
  "generation": 1,
  "generation_telemetry": {
    "candidate_count": 24,
    "evaluated_games_total": 4800,
    "generation_eval_mode": "flattened",
    "planned_games_per_candidate": 200,
    "pruned_candidates": 0,
    "target_games_per_candidate": 200,
    "workers": 16
  },
  "mean_fitness": 0.0029623477297895016,
  "strict_validation_details": null,
  "strict_validation_passed": null,
  "weights": {
    "a": 1.390978743528677,
    "b": 0.4595240544353014,
    "c": 1.2340132476486816,
    "carpet_counter_floor_early": 1.1566693260999417,
    "carpet_counter_floor_late": 2.064086559330863,
    "carpet_counter_floor_pressure_gain": 1.6209484966814653,
    "d": 0.3616009040335675,
    "f": 0.8420040979198173,
    "fast_search_max_carpet_points": 12.0,
    "fast_search_prob_threshold": 0.8,
    "g": 0.5369911493751155,
    "late_centrality_scale": 0.3139214543982601,
    "late_mult_a": 1.5,
    "late_mult_b": 0.3,
    "late_mult_c": 0.5,
    "late_mult_d": 1.2,
    "late_mult_f": 0.5,
    "lookahead_carpet_risk_penalty": 0.5207766695186512,
    "mid_lead_centrality_scale": 0.6762652896852669,
    "mid_lead_space_bonus": 0.5399181070728623,
    "mid_mult_a": 1.0,
    "mid_mult_b": 0.8,
    "mid_mult_c": 1.5,
    "mid_mult_d": 0.8,
    "mid_mult_f": 1.0,
    "mid_trailing_centrality_scale": 1.2873724164018743,
    "opening_centrality_scale": 1.5584178966957425,
    "opening_mult_a": 1.2,
    "opening_mult_b": 1.0,
    "opening_mult_c": 1.5,
    "opening_mult_d": 0.4,
    "opening_mult_f": 1.0,
    "sabotage_bonus": 3.564087353660953,
    "search_gate_base_farm": 0.2158910743562144,
    "search_gate_base_nonfarm": 0.34012485491777283,
    "search_gate_slope_farm": 0.21061867197405754,
    "search_gate_slope_nonfarm": 0.4858133797070024,
    "threatened_cashout_bonus": 1.9451552919131014,
    "time_late_cap": 3.0,
    "time_late_multiplier": 1.0,
    "time_mid_cap": 6.0,
    "time_mid_multiplier": 1.4,
    "time_opening_cap": 8.0,
    "time_opening_multiplier": 1.8
  },
  "worst_fitness": -1.9885520487264678
}
