{
  "best_fitness": 4.561071428571428,
  "generation": 25,
  "generation_telemetry": {
    "candidate_count": 24,
    "evaluated_games_total": 7920,
    "generation_eval_mode": "flattened",
    "planned_games_per_candidate": 330,
    "pruned_candidates": 0,
    "target_games_per_candidate": 330,
    "workers": 16
  },
  "mean_fitness": 2.678497023809524,
  "strict_validation_details": null,
  "strict_validation_passed": null,
  "weights": {
    "a": 1.1715833075026825,
    "b": 0.6503246364278269,
    "c": 2.3419579666784376,
    "carpet_counter_floor_early": 0.650272651871014,
    "carpet_counter_floor_late": 1.5127357104721997,
    "carpet_counter_floor_pressure_gain": 1.6597385968281695,
    "d": 0.47333047511313403,
    "f": 0.7518554655684172,
    "fast_search_max_carpet_points": 12.0,
    "fast_search_prob_threshold": 0.8,
    "g": 0.3806550784014368,
    "late_centrality_scale": 0.5806874609939314,
    "late_mult_a": 1.5,
    "late_mult_b": 0.3,
    "late_mult_c": 0.5,
    "late_mult_d": 1.2,
    "late_mult_f": 0.5,
    "lookahead_carpet_risk_penalty": 0.3579780069146221,
    "mid_lead_centrality_scale": 0.7436011263443307,
    "mid_lead_space_bonus": 0.8077290155556569,
    "mid_mult_a": 1.0,
    "mid_mult_b": 0.8,
    "mid_mult_c": 1.5,
    "mid_mult_d": 0.8,
    "mid_mult_f": 1.0,
    "mid_trailing_centrality_scale": 1.197289084451849,
    "opening_centrality_scale": 2.044367974129638,
    "opening_mult_a": 1.2,
    "opening_mult_b": 1.0,
    "opening_mult_c": 1.5,
    "opening_mult_d": 0.4,
    "opening_mult_f": 1.0,
    "sabotage_bonus": 2.1992945776979616,
    "search_gate_base_farm": 0.2243628036119506,
    "search_gate_base_nonfarm": 0.41134736424864593,
    "search_gate_slope_farm": 0.1476350231218355,
    "search_gate_slope_nonfarm": 0.46103505010484735,
    "threatened_cashout_bonus": 1.847738058883144,
    "time_late_cap": 3.0,
    "time_late_multiplier": 1.0,
    "time_mid_cap": 6.0,
    "time_mid_multiplier": 1.4,
    "time_opening_cap": 8.0,
    "time_opening_multiplier": 1.8
  },
  "worst_fitness": 1.4767857142857141
}
