{
  "best_fitness": 4.314435444874275,
  "generation": 16,
  "generation_telemetry": {
    "candidate_count": 24,
    "evaluated_games_total": 6240,
    "generation_eval_mode": "flattened",
    "planned_games_per_candidate": 260,
    "pruned_candidates": 0,
    "target_games_per_candidate": 260,
    "workers": 16
  },
  "mean_fitness": 2.389590989684075,
  "strict_validation_details": null,
  "strict_validation_passed": null,
  "weights": {
    "a": 1.3822001429944104,
    "b": 0.7120267843997535,
    "c": 2.2052019433841537,
    "carpet_counter_floor_early": 1.0503052393707883,
    "carpet_counter_floor_late": 1.424189251342904,
    "carpet_counter_floor_pressure_gain": 1.6514113882900812,
    "d": 0.4280499400016691,
    "f": 0.7312966009064319,
    "fast_search_max_carpet_points": 12.0,
    "fast_search_prob_threshold": 0.8,
    "g": 0.5978730323905628,
    "late_centrality_scale": 0.45509516317851306,
    "late_mult_a": 1.5,
    "late_mult_b": 0.3,
    "late_mult_c": 0.5,
    "late_mult_d": 1.2,
    "late_mult_f": 0.5,
    "lookahead_carpet_risk_penalty": 0.08462235583463451,
    "mid_lead_centrality_scale": 0.7298037399550401,
    "mid_lead_space_bonus": 1.0370870809051604,
    "mid_mult_a": 1.0,
    "mid_mult_b": 0.8,
    "mid_mult_c": 1.5,
    "mid_mult_d": 0.8,
    "mid_mult_f": 1.0,
    "mid_trailing_centrality_scale": 1.097918630722383,
    "opening_centrality_scale": 2.0617232865674886,
    "opening_mult_a": 1.2,
    "opening_mult_b": 1.0,
    "opening_mult_c": 1.5,
    "opening_mult_d": 0.4,
    "opening_mult_f": 1.0,
    "sabotage_bonus": 2.9669613405147635,
    "search_gate_base_farm": 0.25536020519645636,
    "search_gate_base_nonfarm": 0.4417877819639815,
    "search_gate_slope_farm": 0.18464648824737687,
    "search_gate_slope_nonfarm": 0.4844653203980397,
    "threatened_cashout_bonus": 1.4452020733612916,
    "time_late_cap": 3.0,
    "time_late_multiplier": 1.0,
    "time_mid_cap": 6.0,
    "time_mid_multiplier": 1.4,
    "time_opening_cap": 8.0,
    "time_opening_multiplier": 1.8
  },
  "worst_fitness": 0.9214204545454546
}
