{
  "best_fitness": 3.874642857142857,
  "generation": 23,
  "generation_telemetry": {
    "candidate_count": 24,
    "evaluated_games_total": 7920,
    "generation_eval_mode": "flattened",
    "planned_games_per_candidate": 330,
    "pruned_candidates": 0,
    "target_games_per_candidate": 330,
    "workers": 16
  },
  "mean_fitness": 2.735282738095238,
  "strict_validation_details": null,
  "strict_validation_passed": null,
  "weights": {
    "a": 1.3103952694379117,
    "b": 0.6480646650328694,
    "c": 2.187883181191305,
    "carpet_counter_floor_early": 0.6910427590274958,
    "carpet_counter_floor_late": 1.5241172369398663,
    "carpet_counter_floor_pressure_gain": 1.388604466663713,
    "d": 0.41838761195474616,
    "f": 0.663617332328041,
    "fast_search_max_carpet_points": 12.0,
    "fast_search_prob_threshold": 0.8,
    "g": 0.370910074286774,
    "late_centrality_scale": 0.3448006707700556,
    "late_mult_a": 1.5,
    "late_mult_b": 0.3,
    "late_mult_c": 0.5,
    "late_mult_d": 1.2,
    "late_mult_f": 0.5,
    "lookahead_carpet_risk_penalty": 0.3825739467045953,
    "mid_lead_centrality_scale": 0.8080083329993726,
    "mid_lead_space_bonus": 0.9650620622531179,
    "mid_mult_a": 1.0,
    "mid_mult_b": 0.8,
    "mid_mult_c": 1.5,
    "mid_mult_d": 0.8,
    "mid_mult_f": 1.0,
    "mid_trailing_centrality_scale": 1.0382803892673982,
    "opening_centrality_scale": 2.3220351864249946,
    "opening_mult_a": 1.2,
    "opening_mult_b": 1.0,
    "opening_mult_c": 1.5,
    "opening_mult_d": 0.4,
    "opening_mult_f": 1.0,
    "sabotage_bonus": 3.1559267660543786,
    "search_gate_base_farm": 0.23815751886960151,
    "search_gate_base_nonfarm": 0.4124670934961571,
    "search_gate_slope_farm": 0.1481873952717271,
    "search_gate_slope_nonfarm": 0.42232980713222473,
    "threatened_cashout_bonus": 1.3409416161343857,
    "time_late_cap": 3.0,
    "time_late_multiplier": 1.0,
    "time_mid_cap": 6.0,
    "time_mid_multiplier": 1.4,
    "time_opening_cap": 8.0,
    "time_opening_multiplier": 1.8
  },
  "worst_fitness": 0.6453571428571429
}
