{
  "best_fitness": 4.613214285714285,
  "generation": 26,
  "generation_telemetry": {
    "candidate_count": 24,
    "evaluated_games_total": 7920,
    "generation_eval_mode": "flattened",
    "planned_games_per_candidate": 330,
    "pruned_candidates": 0,
    "target_games_per_candidate": 330,
    "workers": 16
  },
  "mean_fitness": 2.844970238095238,
  "strict_validation_details": null,
  "strict_validation_passed": null,
  "weights": {
    "a": 1.1547111964012529,
    "b": 0.6881866892915459,
    "c": 2.350955711532992,
    "carpet_counter_floor_early": 0.7684498130063735,
    "carpet_counter_floor_late": 1.500185680477081,
    "carpet_counter_floor_pressure_gain": 1.9759413456437198,
    "d": 0.45817650719615305,
    "f": 0.7536759697986081,
    "fast_search_max_carpet_points": 12.0,
    "fast_search_prob_threshold": 0.8,
    "g": 0.45503217808541024,
    "late_centrality_scale": 0.46289352796131294,
    "late_mult_a": 1.5,
    "late_mult_b": 0.3,
    "late_mult_c": 0.5,
    "late_mult_d": 1.2,
    "late_mult_f": 0.5,
    "lookahead_carpet_risk_penalty": 0.3832563074257914,
    "mid_lead_centrality_scale": 0.690854860280958,
    "mid_lead_space_bonus": 0.8132396906768199,
    "mid_mult_a": 1.0,
    "mid_mult_b": 0.8,
    "mid_mult_c": 1.5,
    "mid_mult_d": 0.8,
    "mid_mult_f": 1.0,
    "mid_trailing_centrality_scale": 1.1236301682089431,
    "opening_centrality_scale": 2.1399377559353017,
    "opening_mult_a": 1.2,
    "opening_mult_b": 1.0,
    "opening_mult_c": 1.5,
    "opening_mult_d": 0.4,
    "opening_mult_f": 1.0,
    "sabotage_bonus": 2.5092813985024494,
    "search_gate_base_farm": 0.23954074937947614,
    "search_gate_base_nonfarm": 0.4450009986242287,
    "search_gate_slope_farm": 0.13199259080585482,
    "search_gate_slope_nonfarm": 0.5042015988459474,
    "threatened_cashout_bonus": 1.356717296674781,
    "time_late_cap": 3.0,
    "time_late_multiplier": 1.0,
    "time_mid_cap": 6.0,
    "time_mid_multiplier": 1.4,
    "time_opening_cap": 8.0,
    "time_opening_multiplier": 1.8
  },
  "worst_fitness": 0.11607142857142883
}
