{
  "best_fitness": 3.718180609284332,
  "generation": 12,
  "generation_telemetry": {
    "candidate_count": 24,
    "evaluated_games_total": 6240,
    "generation_eval_mode": "flattened",
    "planned_games_per_candidate": 260,
    "pruned_candidates": 0,
    "target_games_per_candidate": 260,
    "workers": 16
  },
  "mean_fitness": 2.1474760235332044,
  "strict_validation_details": null,
  "strict_validation_passed": null,
  "weights": {
    "a": 1.1765794667887082,
    "b": 0.5530121669102803,
    "c": 1.5677638398325646,
    "carpet_counter_floor_early": 1.0905424265590384,
    "carpet_counter_floor_late": 1.9570104574511213,
    "carpet_counter_floor_pressure_gain": 1.502534392858448,
    "d": 0.5117348745924728,
    "f": 0.7315594137491757,
    "fast_search_max_carpet_points": 12.0,
    "fast_search_prob_threshold": 0.8,
    "g": 0.4093503281705173,
    "late_centrality_scale": 0.17603740313671906,
    "late_mult_a": 1.5,
    "late_mult_b": 0.3,
    "late_mult_c": 0.5,
    "late_mult_d": 1.2,
    "late_mult_f": 0.5,
    "lookahead_carpet_risk_penalty": 0.3180132999750733,
    "mid_lead_centrality_scale": 0.6590543220699582,
    "mid_lead_space_bonus": 0.6507039102249115,
    "mid_mult_a": 1.0,
    "mid_mult_b": 0.8,
    "mid_mult_c": 1.5,
    "mid_mult_d": 0.8,
    "mid_mult_f": 1.0,
    "mid_trailing_centrality_scale": 1.2265441368629588,
    "opening_centrality_scale": 2.2169686743565866,
    "opening_mult_a": 1.2,
    "opening_mult_b": 1.0,
    "opening_mult_c": 1.5,
    "opening_mult_d": 0.4,
    "opening_mult_f": 1.0,
    "sabotage_bonus": 3.142186739593537,
    "search_gate_base_farm": 0.2493782331970799,
    "search_gate_base_nonfarm": 0.4093356389142769,
    "search_gate_slope_farm": 0.16974113912045996,
    "search_gate_slope_nonfarm": 0.5308644192219033,
    "threatened_cashout_bonus": 1.8467458886793193,
    "time_late_cap": 3.0,
    "time_late_multiplier": 1.0,
    "time_mid_cap": 6.0,
    "time_mid_multiplier": 1.4,
    "time_opening_cap": 8.0,
    "time_opening_multiplier": 1.8
  },
  "worst_fitness": 0.525789410058027
}
