{
  "best_fitness": 5.7205,
  "generation": 50,
  "mean_fitness": 5.410972222222221,
  "strict_validation_details": null,
  "strict_validation_passed": null,
  "weights": {
    "a": 0.7797329080306868,
    "b": 1.49818037100815,
    "c": 2.8123734655156216,
    "d": 0.4435477958648033,
    "f": 0.8708640961995101,
    "fast_search_max_carpet_points": 10.69662077777966,
    "fast_search_prob_threshold": 0.5355758783334688,
    "g": 1.2291198887075254,
    "late_centrality_scale": 0.11394427667959267,
    "late_mult_a": 1.5,
    "late_mult_b": 0.3,
    "late_mult_c": 0.5,
    "late_mult_d": 1.2,
    "late_mult_f": 0.5,
    "mid_lead_centrality_scale": 0.7990331871385415,
    "mid_lead_space_bonus": 1.688147514638823,
    "mid_mult_a": 1.0,
    "mid_mult_b": 0.8,
    "mid_mult_c": 1.5,
    "mid_mult_d": 0.8,
    "mid_mult_f": 1.0,
    "mid_trailing_centrality_scale": 0.8682009840726276,
    "opening_centrality_scale": 1.4643566870922908,
    "opening_mult_a": 1.2,
    "opening_mult_b": 1.0,
    "opening_mult_c": 1.5,
    "opening_mult_d": 0.4,
    "opening_mult_f": 1.0,
    "sabotage_bonus": 5.188315804904303,
    "threatened_cashout_bonus": 2.6404916694561683e-05,
    "time_late_cap": 3.0,
    "time_late_multiplier": 1.0,
    "time_mid_cap": 6.0,
    "time_mid_multiplier": 1.4,
    "time_opening_cap": 8.0,
    "time_opening_multiplier": 1.8
  },
  "worst_fitness": 4.7385
}
