{
  "best_fitness": 4.247,
  "generation": 62,
  "mean_fitness": 3.8312777777777782,
  "strict_validation_details": null,
  "strict_validation_passed": null,
  "weights": {
    "a": 0.6420383605925314,
    "b": 0.896660305309173,
    "c": 2.7137024256543154,
    "d": 0.10405356904261015,
    "f": 0.8401075427135242,
    "fast_search_max_carpet_points": 10.601180481442787,
    "fast_search_prob_threshold": 0.6785233805782105,
    "g": 0.3065669560316762,
    "late_centrality_scale": 0.4908430882528033,
    "late_mult_a": 1.5,
    "late_mult_b": 0.3,
    "late_mult_c": 0.5,
    "late_mult_d": 1.2,
    "late_mult_f": 0.5,
    "mid_lead_centrality_scale": 1.4510411933683574,
    "mid_lead_space_bonus": 1.9719233288582065,
    "mid_mult_a": 1.0,
    "mid_mult_b": 0.8,
    "mid_mult_c": 1.5,
    "mid_mult_d": 0.8,
    "mid_mult_f": 1.0,
    "mid_trailing_centrality_scale": 1.1942339137013538,
    "opening_centrality_scale": 1.5497656666406852,
    "opening_mult_a": 1.2,
    "opening_mult_b": 1.0,
    "opening_mult_c": 1.5,
    "opening_mult_d": 0.4,
    "opening_mult_f": 1.0,
    "sabotage_bonus": 4.928822575513349,
    "threatened_cashout_bonus": 0.4289196676556802,
    "time_late_cap": 3.0,
    "time_late_multiplier": 1.0,
    "time_mid_cap": 6.0,
    "time_mid_multiplier": 1.4,
    "time_opening_cap": 8.0,
    "time_opening_multiplier": 1.8
  },
  "worst_fitness": 3.4513333333333343
}
