{
  "best_fitness": 6.378,
  "generation": 15,
  "mean_fitness": 5.070111111111111,
  "strict_validation_details": null,
  "strict_validation_passed": null,
  "weights": {
    "a": 1.5398108494199376,
    "b": 0.1895985478759577,
    "c": 2.99192255506512,
    "d": 0.5331316458002286,
    "f": 0.8822511258404168,
    "fast_search_max_carpet_points": 11.895108956507825,
    "fast_search_prob_threshold": 0.9741882294175748,
    "g": 0.5293926127032759,
    "late_centrality_scale": 0.17977414005673167,
    "late_mult_a": 1.5,
    "late_mult_b": 0.3,
    "late_mult_c": 0.5,
    "late_mult_d": 1.2,
    "late_mult_f": 0.5,
    "mid_lead_centrality_scale": 0.8292489574250295,
    "mid_lead_space_bonus": 1.3464463223683527,
    "mid_mult_a": 1.0,
    "mid_mult_b": 0.8,
    "mid_mult_c": 1.5,
    "mid_mult_d": 0.8,
    "mid_mult_f": 1.0,
    "mid_trailing_centrality_scale": 1.9925744086416661,
    "opening_centrality_scale": 1.9392470461853368,
    "opening_mult_a": 1.2,
    "opening_mult_b": 1.0,
    "opening_mult_c": 1.5,
    "opening_mult_d": 0.4,
    "opening_mult_f": 1.0,
    "sabotage_bonus": 3.7849337204061086,
    "threatened_cashout_bonus": 1.31222004853237,
    "time_late_cap": 3.0,
    "time_late_multiplier": 1.0,
    "time_mid_cap": 6.0,
    "time_mid_multiplier": 1.4,
    "time_opening_cap": 8.0,
    "time_opening_multiplier": 1.8
  },
  "worst_fitness": 4.425333333333334
}
