{
  "best_fitness": 7.361000000000001,
  "generation": 33,
  "mean_fitness": 6.363013888888889,
  "strict_validation_details": null,
  "strict_validation_passed": null,
  "weights": {
    "a": 0.5296882193830008,
    "b": 0.8923750239969348,
    "c": 2.7694039111868625,
    "d": 0.3471674777555342,
    "f": 1.10074392965571,
    "fast_search_max_carpet_points": 11.679624224228531,
    "fast_search_prob_threshold": 0.8385172711970639,
    "g": 0.5697843942797313,
    "late_centrality_scale": 0.290647993740945,
    "late_mult_a": 1.5,
    "late_mult_b": 0.3,
    "late_mult_c": 0.5,
    "late_mult_d": 1.2,
    "late_mult_f": 0.5,
    "mid_lead_centrality_scale": 1.2285640213374407,
    "mid_lead_space_bonus": 1.1370813494058052,
    "mid_mult_a": 1.0,
    "mid_mult_b": 0.8,
    "mid_mult_c": 1.5,
    "mid_mult_d": 0.8,
    "mid_mult_f": 1.0,
    "mid_trailing_centrality_scale": 1.001588608358183,
    "opening_centrality_scale": 1.1253910202143904,
    "opening_mult_a": 1.2,
    "opening_mult_b": 1.0,
    "opening_mult_c": 1.5,
    "opening_mult_d": 0.4,
    "opening_mult_f": 1.0,
    "sabotage_bonus": 4.520975378388202,
    "threatened_cashout_bonus": 1.0795595079650862,
    "time_late_cap": 3.0,
    "time_late_multiplier": 1.0,
    "time_mid_cap": 6.0,
    "time_mid_multiplier": 1.4,
    "time_opening_cap": 8.0,
    "time_opening_multiplier": 1.8
  },
  "worst_fitness": 4.7845
}
