{
  "best_fitness": 7.6305000000000005,
  "generation": 18,
  "mean_fitness": 6.94126388888889,
  "strict_validation_details": null,
  "strict_validation_passed": null,
  "weights": {
    "a": 0.9791889421336387,
    "b": 0.46872256914315924,
    "c": 2.6543205050071004,
    "d": 0.05219070854247884,
    "f": 0.39715437808728504,
    "fast_search_max_carpet_points": 12.067356662774305,
    "fast_search_prob_threshold": 0.9298574789409157,
    "g": 0.4569421504742171,
    "late_centrality_scale": 0.14672091606837165,
    "late_mult_a": 1.5,
    "late_mult_b": 0.3,
    "late_mult_c": 0.5,
    "late_mult_d": 1.2,
    "late_mult_f": 0.5,
    "mid_lead_centrality_scale": 0.826043287719612,
    "mid_lead_space_bonus": 1.9044126791466431,
    "mid_mult_a": 1.0,
    "mid_mult_b": 0.8,
    "mid_mult_c": 1.5,
    "mid_mult_d": 0.8,
    "mid_mult_f": 1.0,
    "mid_trailing_centrality_scale": 1.914344226324005,
    "opening_centrality_scale": 1.7327253948692725,
    "opening_mult_a": 1.2,
    "opening_mult_b": 1.0,
    "opening_mult_c": 1.5,
    "opening_mult_d": 0.4,
    "opening_mult_f": 1.0,
    "sabotage_bonus": 3.7741341920373563,
    "threatened_cashout_bonus": 1.813635827905817,
    "time_late_cap": 3.0,
    "time_late_multiplier": 1.0,
    "time_mid_cap": 6.0,
    "time_mid_multiplier": 1.4,
    "time_opening_cap": 8.0,
    "time_opening_multiplier": 1.8
  },
  "worst_fitness": 6.211166666666667
}
