{
  "best_fitness": 5.698333333333333,
  "generation": 32,
  "mean_fitness": 4.915472222222222,
  "strict_validation_details": null,
  "strict_validation_passed": null,
  "weights": {
    "a": 1.1303880242503814,
    "b": 0.6704173067869097,
    "c": 2.8858839940869854,
    "d": 0.28750659365707565,
    "f": 1.0149032868860537,
    "fast_search_max_carpet_points": 11.884701277896998,
    "fast_search_prob_threshold": 0.8440906894422253,
    "g": 0.5349245007893584,
    "late_centrality_scale": 0.5911524799313004,
    "late_mult_a": 1.5,
    "late_mult_b": 0.3,
    "late_mult_c": 0.5,
    "late_mult_d": 1.2,
    "late_mult_f": 0.5,
    "mid_lead_centrality_scale": 0.5899442220783152,
    "mid_lead_space_bonus": 1.1454614047411653,
    "mid_mult_a": 1.0,
    "mid_mult_b": 0.8,
    "mid_mult_c": 1.5,
    "mid_mult_d": 0.8,
    "mid_mult_f": 1.0,
    "mid_trailing_centrality_scale": 1.1672036491320144,
    "opening_centrality_scale": 1.2313905565846437,
    "opening_mult_a": 1.2,
    "opening_mult_b": 1.0,
    "opening_mult_c": 1.5,
    "opening_mult_d": 0.4,
    "opening_mult_f": 1.0,
    "sabotage_bonus": 4.2156992205606825,
    "threatened_cashout_bonus": 0.9737942134588629,
    "time_late_cap": 3.0,
    "time_late_multiplier": 1.0,
    "time_mid_cap": 6.0,
    "time_mid_multiplier": 1.4,
    "time_opening_cap": 8.0,
    "time_opening_multiplier": 1.8
  },
  "worst_fitness": 4.470000000000001
}
