{
  "best_fitness": 5.7956666666666665,
  "generation": 27,
  "mean_fitness": 5.22061111111111,
  "strict_validation_details": null,
  "strict_validation_passed": null,
  "weights": {
    "a": 0.9948414415998834,
    "b": 1.1670918979798575,
    "c": 1.9073563576634873,
    "d": 0.11757672443959197,
    "f": 0.7393733060909202,
    "fast_search_max_carpet_points": 12.26517721944895,
    "fast_search_prob_threshold": 0.6190255012880203,
    "g": 0.8544061329598025,
    "late_centrality_scale": 0.9106430750522261,
    "late_mult_a": 1.5,
    "late_mult_b": 0.3,
    "late_mult_c": 0.5,
    "late_mult_d": 1.2,
    "late_mult_f": 0.5,
    "mid_lead_centrality_scale": 1.155551595463493,
    "mid_lead_space_bonus": 1.9719280066181941,
    "mid_mult_a": 1.0,
    "mid_mult_b": 0.8,
    "mid_mult_c": 1.5,
    "mid_mult_d": 0.8,
    "mid_mult_f": 1.0,
    "mid_trailing_centrality_scale": 1.6612702615476078,
    "opening_centrality_scale": 1.5113605640021945,
    "opening_mult_a": 1.2,
    "opening_mult_b": 1.0,
    "opening_mult_c": 1.5,
    "opening_mult_d": 0.4,
    "opening_mult_f": 1.0,
    "sabotage_bonus": 3.027597025521654,
    "threatened_cashout_bonus": 2.1106650659785564,
    "time_late_cap": 3.0,
    "time_late_multiplier": 1.0,
    "time_mid_cap": 6.0,
    "time_mid_multiplier": 1.4,
    "time_opening_cap": 8.0,
    "time_opening_multiplier": 1.8
  },
  "worst_fitness": 4.755333333333334
}
