{
  "best_fitness": 6.412999999999999,
  "generation": 71,
  "mean_fitness": 6.087013888888888,
  "strict_validation_details": null,
  "strict_validation_passed": null,
  "weights": {
    "a": 1.027860728621644,
    "b": 1.2355797111112836,
    "c": 2.9041571950289837,
    "d": 0.07915901622224437,
    "f": 0.7591051772926276,
    "fast_search_max_carpet_points": 10.330405254331447,
    "fast_search_prob_threshold": 0.5588865403762214,
    "g": 0.7470261578277935,
    "late_centrality_scale": 0.6550026539737893,
    "late_mult_a": 1.5,
    "late_mult_b": 0.3,
    "late_mult_c": 0.5,
    "late_mult_d": 1.2,
    "late_mult_f": 0.5,
    "mid_lead_centrality_scale": 1.215467724873717,
    "mid_lead_space_bonus": 1.6334465889115848,
    "mid_mult_a": 1.0,
    "mid_mult_b": 0.8,
    "mid_mult_c": 1.5,
    "mid_mult_d": 0.8,
    "mid_mult_f": 1.0,
    "mid_trailing_centrality_scale": 1.0392229731081248,
    "opening_centrality_scale": 1.1931433807736758,
    "opening_mult_a": 1.2,
    "opening_mult_b": 1.0,
    "opening_mult_c": 1.5,
    "opening_mult_d": 0.4,
    "opening_mult_f": 1.0,
    "sabotage_bonus": 5.136104799726028,
    "threatened_cashout_bonus": 0.4094262942300277,
    "time_late_cap": 3.0,
    "time_late_multiplier": 1.0,
    "time_mid_cap": 6.0,
    "time_mid_multiplier": 1.4,
    "time_opening_cap": 8.0,
    "time_opening_multiplier": 1.8
  },
  "worst_fitness": 5.803166666666666
}
