{
  "best_fitness": 7.456333333333332,
  "generation": 10,
  "mean_fitness": 5.9966388888888895,
  "strict_validation_details": null,
  "strict_validation_passed": null,
  "weights": {
    "a": 1.5303090008147615,
    "b": 1.0834949778813676,
    "c": 2.9997044660292795,
    "d": 0.5523136258645163,
    "f": 0.548440400304553,
    "fast_search_max_carpet_points": 12.510958740974614,
    "fast_search_prob_threshold": 0.9704734646972808,
    "g": 0.09501112138774467,
    "late_centrality_scale": 0.5415257146887528,
    "late_mult_a": 1.5,
    "late_mult_b": 0.3,
    "late_mult_c": 0.5,
    "late_mult_d": 1.2,
    "late_mult_f": 0.5,
    "mid_lead_centrality_scale": 0.6696187959881152,
    "mid_lead_space_bonus": 1.3532882701565179,
    "mid_mult_a": 1.0,
    "mid_mult_b": 0.8,
    "mid_mult_c": 1.5,
    "mid_mult_d": 0.8,
    "mid_mult_f": 1.0,
    "mid_trailing_centrality_scale": 0.9145907813550591,
    "opening_centrality_scale": 1.0706805058633473,
    "opening_mult_a": 1.2,
    "opening_mult_b": 1.0,
    "opening_mult_c": 1.5,
    "opening_mult_d": 0.4,
    "opening_mult_f": 1.0,
    "sabotage_bonus": 3.6891558709308647,
    "threatened_cashout_bonus": 1.196226055872064,
    "time_late_cap": 3.0,
    "time_late_multiplier": 1.0,
    "time_mid_cap": 6.0,
    "time_mid_multiplier": 1.4,
    "time_opening_cap": 8.0,
    "time_opening_multiplier": 1.8
  },
  "worst_fitness": 5.312666666666667
}
