{
  "best_fitness": 5.8756666666666675,
  "generation": 21,
  "mean_fitness": 5.443138888888889,
  "strict_validation_details": null,
  "strict_validation_passed": null,
  "weights": {
    "a": 1.2008794949073303,
    "b": 1.1587243486686174,
    "c": 2.711065638537789,
    "d": 0.1829608682493666,
    "f": 0.5879193542891539,
    "fast_search_max_carpet_points": 11.786544742027317,
    "fast_search_prob_threshold": 0.9799889000080988,
    "g": 0.4581010306729512,
    "late_centrality_scale": 0.5908434966768255,
    "late_mult_a": 1.5,
    "late_mult_b": 0.3,
    "late_mult_c": 0.5,
    "late_mult_d": 1.2,
    "late_mult_f": 0.5,
    "mid_lead_centrality_scale": 0.8495348621978821,
    "mid_lead_space_bonus": 1.800113681479291,
    "mid_mult_a": 1.0,
    "mid_mult_b": 0.8,
    "mid_mult_c": 1.5,
    "mid_mult_d": 0.8,
    "mid_mult_f": 1.0,
    "mid_trailing_centrality_scale": 2.1581055739884514,
    "opening_centrality_scale": 1.7615438417538447,
    "opening_mult_a": 1.2,
    "opening_mult_b": 1.0,
    "opening_mult_c": 1.5,
    "opening_mult_d": 0.4,
    "opening_mult_f": 1.0,
    "sabotage_bonus": 3.1717508550685,
    "threatened_cashout_bonus": 1.9665061719034949,
    "time_late_cap": 3.0,
    "time_late_multiplier": 1.0,
    "time_mid_cap": 6.0,
    "time_mid_multiplier": 1.4,
    "time_opening_cap": 8.0,
    "time_opening_multiplier": 1.8
  },
  "worst_fitness": 4.986166666666667
}
