{
  "best_fitness": 5.6066666666666665,
  "generation": 45,
  "mean_fitness": 4.470624999999999,
  "strict_validation_details": null,
  "strict_validation_passed": null,
  "weights": {
    "a": 0.9478324698104578,
    "b": 1.4950062751635795,
    "c": 2.9730877471122104,
    "d": 0.4741577829651751,
    "f": 0.4047149787644931,
    "fast_search_max_carpet_points": 11.708609348802995,
    "fast_search_prob_threshold": 0.6422928563876381,
    "g": 0.8389095762035133,
    "late_centrality_scale": 0.41962486458280235,
    "late_mult_a": 1.5,
    "late_mult_b": 0.3,
    "late_mult_c": 0.5,
    "late_mult_d": 1.2,
    "late_mult_f": 0.5,
    "mid_lead_centrality_scale": 0.7844243423693863,
    "mid_lead_space_bonus": 0.982337726827562,
    "mid_mult_a": 1.0,
    "mid_mult_b": 0.8,
    "mid_mult_c": 1.5,
    "mid_mult_d": 0.8,
    "mid_mult_f": 1.0,
    "mid_trailing_centrality_scale": 1.065304475919791,
    "opening_centrality_scale": 1.1840173921039727,
    "opening_mult_a": 1.2,
    "opening_mult_b": 1.0,
    "opening_mult_c": 1.5,
    "opening_mult_d": 0.4,
    "opening_mult_f": 1.0,
    "sabotage_bonus": 5.397684572881013,
    "threatened_cashout_bonus": 0.6273812155035885,
    "time_late_cap": 3.0,
    "time_late_multiplier": 1.0,
    "time_mid_cap": 6.0,
    "time_mid_multiplier": 1.4,
    "time_opening_cap": 8.0,
    "time_opening_multiplier": 1.8
  },
  "worst_fitness": 3.3360000000000003
}
