{
  "best_fitness": 5.3105,
  "generation": 70,
  "mean_fitness": 4.805166666666666,
  "strict_validation_details": null,
  "strict_validation_passed": null,
  "weights": {
    "a": 0.551860932083051,
    "b": 1.1337633486922671,
    "c": 2.947645383502971,
    "d": 0.056140602180107475,
    "f": 0.4151260584663644,
    "fast_search_max_carpet_points": 10.695876153793773,
    "fast_search_prob_threshold": 0.7029333599203816,
    "g": 0.4601421705454198,
    "late_centrality_scale": 0.7340599595355518,
    "late_mult_a": 1.5,
    "late_mult_b": 0.3,
    "late_mult_c": 0.5,
    "late_mult_d": 1.2,
    "late_mult_f": 0.5,
    "mid_lead_centrality_scale": 0.9669777648555014,
    "mid_lead_space_bonus": 1.4346511582798427,
    "mid_mult_a": 1.0,
    "mid_mult_b": 0.8,
    "mid_mult_c": 1.5,
    "mid_mult_d": 0.8,
    "mid_mult_f": 1.0,
    "mid_trailing_centrality_scale": 1.0984905463021168,
    "opening_centrality_scale": 1.3149143146045208,
    "opening_mult_a": 1.2,
    "opening_mult_b": 1.0,
    "opening_mult_c": 1.5,
    "opening_mult_d": 0.4,
    "opening_mult_f": 1.0,
    "sabotage_bonus": 5.265094278817259,
    "threatened_cashout_bonus": 0.5224505042049624,
    "time_late_cap": 3.0,
    "time_late_multiplier": 1.0,
    "time_mid_cap": 6.0,
    "time_mid_multiplier": 1.4,
    "time_opening_cap": 8.0,
    "time_opening_multiplier": 1.8
  },
  "worst_fitness": 4.064166666666667
}
