{
  "best_fitness": 7.895166666666666,
  "generation": 26,
  "mean_fitness": 6.875875000000001,
  "strict_validation_details": null,
  "strict_validation_passed": null,
  "weights": {
    "a": 0.5796769698801318,
    "b": 1.271304831344299,
    "c": 2.8310239989106614,
    "d": 0.11060506294117228,
    "f": 0.8249517391277423,
    "fast_search_max_carpet_points": 12.33751778448982,
    "fast_search_prob_threshold": 0.7897387396820339,
    "g": 0.5853738711942864,
    "late_centrality_scale": 0.7500035684996345,
    "late_mult_a": 1.5,
    "late_mult_b": 0.3,
    "late_mult_c": 0.5,
    "late_mult_d": 1.2,
    "late_mult_f": 0.5,
    "mid_lead_centrality_scale": 0.9580599073994902,
    "mid_lead_space_bonus": 1.9995664116864365,
    "mid_mult_a": 1.0,
    "mid_mult_b": 0.8,
    "mid_mult_c": 1.5,
    "mid_mult_d": 0.8,
    "mid_mult_f": 1.0,
    "mid_trailing_centrality_scale": 1.6102114150129865,
    "opening_centrality_scale": 1.696847263229493,
    "opening_mult_a": 1.2,
    "opening_mult_b": 1.0,
    "opening_mult_c": 1.5,
    "opening_mult_d": 0.4,
    "opening_mult_f": 1.0,
    "sabotage_bonus": 3.0704750510141365,
    "threatened_cashout_bonus": 1.6596449466035768,
    "time_late_cap": 3.0,
    "time_late_multiplier": 1.0,
    "time_mid_cap": 6.0,
    "time_mid_multiplier": 1.4,
    "time_opening_cap": 8.0,
    "time_opening_multiplier": 1.8
  },
  "worst_fitness": 6.464333333333333
}
