{
  "best_fitness": 7.283833333333334,
  "generation": 42,
  "mean_fitness": 6.564222222222223,
  "strict_validation_details": null,
  "strict_validation_passed": null,
  "weights": {
    "a": 0.6822737005659392,
    "b": 0.5530185308264156,
    "c": 2.970005251045086,
    "d": 0.10085270959651338,
    "f": 0.44583737851885485,
    "fast_search_max_carpet_points": 11.41104953932562,
    "fast_search_prob_threshold": 0.853326257201563,
    "g": 0.8672869092113444,
    "late_centrality_scale": 0.38078109836829926,
    "late_mult_a": 1.5,
    "late_mult_b": 0.3,
    "late_mult_c": 0.5,
    "late_mult_d": 1.2,
    "late_mult_f": 0.5,
    "mid_lead_centrality_scale": 1.2048519050901145,
    "mid_lead_space_bonus": 0.6712779969261312,
    "mid_mult_a": 1.0,
    "mid_mult_b": 0.8,
    "mid_mult_c": 1.5,
    "mid_mult_d": 0.8,
    "mid_mult_f": 1.0,
    "mid_trailing_centrality_scale": 1.3861995300064787,
    "opening_centrality_scale": 0.9661529417594401,
    "opening_mult_a": 1.2,
    "opening_mult_b": 1.0,
    "opening_mult_c": 1.5,
    "opening_mult_d": 0.4,
    "opening_mult_f": 1.0,
    "sabotage_bonus": 4.636094382982358,
    "threatened_cashout_bonus": 1.0127779010566762,
    "time_late_cap": 3.0,
    "time_late_multiplier": 1.0,
    "time_mid_cap": 6.0,
    "time_mid_multiplier": 1.4,
    "time_opening_cap": 8.0,
    "time_opening_multiplier": 1.8
  },
  "worst_fitness": 6.134166666666667
}
