{
  "best_fitness": 5.865333333333334,
  "generation": 37,
  "mean_fitness": 5.194041666666666,
  "strict_validation_details": null,
  "strict_validation_passed": null,
  "weights": {
    "a": 0.5483760868255791,
    "b": 0.763338422250531,
    "c": 2.9753317543086433,
    "d": 0.5299814071212728,
    "f": 0.40098220969444986,
    "fast_search_max_carpet_points": 11.537860594485846,
    "fast_search_prob_threshold": 0.9467497091523527,
    "g": 0.7598904277532966,
    "late_centrality_scale": 1.4805959372667556,
    "late_mult_a": 1.5,
    "late_mult_b": 0.3,
    "late_mult_c": 0.5,
    "late_mult_d": 1.2,
    "late_mult_f": 0.5,
    "mid_lead_centrality_scale": 0.9921837123503084,
    "mid_lead_space_bonus": 0.6684485343694693,
    "mid_mult_a": 1.0,
    "mid_mult_b": 0.8,
    "mid_mult_c": 1.5,
    "mid_mult_d": 0.8,
    "mid_mult_f": 1.0,
    "mid_trailing_centrality_scale": 0.7797017018287711,
    "opening_centrality_scale": 0.9059188432811793,
    "opening_mult_a": 1.2,
    "opening_mult_b": 1.0,
    "opening_mult_c": 1.5,
    "opening_mult_d": 0.4,
    "opening_mult_f": 1.0,
    "sabotage_bonus": 4.158251010643845,
    "threatened_cashout_bonus": 1.3149132372970507,
    "time_late_cap": 3.0,
    "time_late_multiplier": 1.0,
    "time_mid_cap": 6.0,
    "time_mid_multiplier": 1.4,
    "time_opening_cap": 8.0,
    "time_opening_multiplier": 1.8
  },
  "worst_fitness": 4.401999999999999
}
