{
  "best_fitness": 4.8465,
  "generation": 61,
  "mean_fitness": 4.465430555555556,
  "strict_validation_details": null,
  "strict_validation_passed": null,
  "weights": {
    "a": 0.928881274914851,
    "b": 1.0238565668480626,
    "c": 2.677505141925333,
    "d": 0.33978197447857406,
    "f": 0.7897651990007958,
    "fast_search_max_carpet_points": 10.835872453425742,
    "fast_search_prob_threshold": 0.8461554211988166,
    "g": 0.2737720141553135,
    "late_centrality_scale": 0.485752898118074,
    "late_mult_a": 1.5,
    "late_mult_b": 0.3,
    "late_mult_c": 0.5,
    "late_mult_d": 1.2,
    "late_mult_f": 0.5,
    "mid_lead_centrality_scale": 1.182294501562073,
    "mid_lead_space_bonus": 1.6534191357340633,
    "mid_mult_a": 1.0,
    "mid_mult_b": 0.8,
    "mid_mult_c": 1.5,
    "mid_mult_d": 0.8,
    "mid_mult_f": 1.0,
    "mid_trailing_centrality_scale": 1.1788645676265823,
    "opening_centrality_scale": 1.5604283071208405,
    "opening_mult_a": 1.2,
    "opening_mult_b": 1.0,
    "opening_mult_c": 1.5,
    "opening_mult_d": 0.4,
    "opening_mult_f": 1.0,
    "sabotage_bonus": 5.105302457138131,
    "threatened_cashout_bonus": 0.5801794148813391,
    "time_late_cap": 3.0,
    "time_late_multiplier": 1.0,
    "time_mid_cap": 6.0,
    "time_mid_multiplier": 1.4,
    "time_opening_cap": 8.0,
    "time_opening_multiplier": 1.8
  },
  "worst_fitness": 3.944166666666667
}
