{
  "best_fitness": 6.802833333333333,
  "generation": 3,
  "mean_fitness": 5.840597222222222,
  "strict_validation_details": null,
  "strict_validation_passed": null,
  "weights": {
    "a": 1.402431040970325,
    "b": 0.4854404278055732,
    "c": 1.9129071005437654,
    "d": 0.302740157271432,
    "f": 0.9226573041896315,
    "fast_search_max_carpet_points": 12.252194426268604,
    "fast_search_prob_threshold": 0.9773826437399518,
    "g": 0.33753584505309764,
    "late_centrality_scale": 0.10057950119412559,
    "late_mult_a": 1.5,
    "late_mult_b": 0.3,
    "late_mult_c": 0.5,
    "late_mult_d": 1.2,
    "late_mult_f": 0.5,
    "mid_lead_centrality_scale": 0.4540103102364509,
    "mid_lead_space_bonus": 0.8531145292610642,
    "mid_mult_a": 1.0,
    "mid_mult_b": 0.8,
    "mid_mult_c": 1.5,
    "mid_mult_d": 0.8,
    "mid_mult_f": 1.0,
    "mid_trailing_centrality_scale": 1.1505280336877097,
    "opening_centrality_scale": 1.411362613766142,
    "opening_mult_a": 1.2,
    "opening_mult_b": 1.0,
    "opening_mult_c": 1.5,
    "opening_mult_d": 0.4,
    "opening_mult_f": 1.0,
    "sabotage_bonus": 3.4715854303921607,
    "threatened_cashout_bonus": 1.9294144863679148,
    "time_late_cap": 3.0,
    "time_late_multiplier": 1.0,
    "time_mid_cap": 6.0,
    "time_mid_multiplier": 1.4,
    "time_opening_cap": 8.0,
    "time_opening_multiplier": 1.8
  },
  "worst_fitness": 4.544166666666667
}
