{
  "best_fitness": 5.352833333333334,
  "generation": 43,
  "mean_fitness": 4.962986111111111,
  "strict_validation_details": null,
  "strict_validation_passed": null,
  "weights": {
    "a": 0.6750293663944948,
    "b": 1.0641914498368459,
    "c": 2.9997951093992037,
    "d": 0.22282518512604566,
    "f": 0.5100615073306927,
    "fast_search_max_carpet_points": 11.458140928045951,
    "fast_search_prob_threshold": 0.9795791982603789,
    "g": 1.1413473268602354,
    "late_centrality_scale": 1.0932975135661427,
    "late_mult_a": 1.5,
    "late_mult_b": 0.3,
    "late_mult_c": 0.5,
    "late_mult_d": 1.2,
    "late_mult_f": 0.5,
    "mid_lead_centrality_scale": 0.7238201275672405,
    "mid_lead_space_bonus": 0.15758712191721802,
    "mid_mult_a": 1.0,
    "mid_mult_b": 0.8,
    "mid_mult_c": 1.5,
    "mid_mult_d": 0.8,
    "mid_mult_f": 1.0,
    "mid_trailing_centrality_scale": 1.1628268669649378,
    "opening_centrality_scale": 0.957402836459052,
    "opening_mult_a": 1.2,
    "opening_mult_b": 1.0,
    "opening_mult_c": 1.5,
    "opening_mult_d": 0.4,
    "opening_mult_f": 1.0,
    "sabotage_bonus": 4.4539078378188925,
    "threatened_cashout_bonus": 0.8226741774741692,
    "time_late_cap": 3.0,
    "time_late_multiplier": 1.0,
    "time_mid_cap": 6.0,
    "time_mid_multiplier": 1.4,
    "time_opening_cap": 8.0,
    "time_opening_multiplier": 1.8
  },
  "worst_fitness": 4.225666666666667
}
