{
  "best_fitness": 6.899166666666667,
  "generation": 6,
  "mean_fitness": 5.780541666666667,
  "strict_validation_details": null,
  "strict_validation_passed": null,
  "weights": {
    "a": 1.135971748131597,
    "b": 0.5837605299787292,
    "c": 1.9452882631312418,
    "d": 0.08560392978955961,
    "f": 0.9626524769941607,
    "fast_search_max_carpet_points": 11.847966531641962,
    "fast_search_prob_threshold": 0.9774279259570515,
    "g": 0.5479451238317831,
    "late_centrality_scale": 0.2742597696003754,
    "late_mult_a": 1.5,
    "late_mult_b": 0.3,
    "late_mult_c": 0.5,
    "late_mult_d": 1.2,
    "late_mult_f": 0.5,
    "mid_lead_centrality_scale": 0.7640300769238666,
    "mid_lead_space_bonus": 0.5173869791949479,
    "mid_mult_a": 1.0,
    "mid_mult_b": 0.8,
    "mid_mult_c": 1.5,
    "mid_mult_d": 0.8,
    "mid_mult_f": 1.0,
    "mid_trailing_centrality_scale": 0.7074841876308738,
    "opening_centrality_scale": 1.3368699324935225,
    "opening_mult_a": 1.2,
    "opening_mult_b": 1.0,
    "opening_mult_c": 1.5,
    "opening_mult_d": 0.4,
    "opening_mult_f": 1.0,
    "sabotage_bonus": 3.626364036052012,
    "threatened_cashout_bonus": 2.1055776034251057,
    "time_late_cap": 3.0,
    "time_late_multiplier": 1.0,
    "time_mid_cap": 6.0,
    "time_mid_multiplier": 1.4,
    "time_opening_cap": 8.0,
    "time_opening_multiplier": 1.8
  },
  "worst_fitness": 4.680166666666667
}
