{
  "best_fitness": 5.862166666666667,
  "generation": 17,
  "mean_fitness": 4.393347222222222,
  "strict_validation_details": null,
  "strict_validation_passed": null,
  "weights": {
    "a": 1.3115179524930773,
    "b": 0.5722409579818137,
    "c": 2.9869990954498173,
    "d": 0.1642466774690901,
    "f": 1.043805125041778,
    "fast_search_max_carpet_points": 12.368546823148435,
    "fast_search_prob_threshold": 0.978762145644383,
    "g": 0.6936516500823401,
    "late_centrality_scale": 0.05368504135710678,
    "late_mult_a": 1.5,
    "late_mult_b": 0.3,
    "late_mult_c": 0.5,
    "late_mult_d": 1.2,
    "late_mult_f": 0.5,
    "mid_lead_centrality_scale": 1.1527370313493284,
    "mid_lead_space_bonus": 1.3692737254650156,
    "mid_mult_a": 1.0,
    "mid_mult_b": 0.8,
    "mid_mult_c": 1.5,
    "mid_mult_d": 0.8,
    "mid_mult_f": 1.0,
    "mid_trailing_centrality_scale": 1.6679458856368734,
    "opening_centrality_scale": 1.5782026470285602,
    "opening_mult_a": 1.2,
    "opening_mult_b": 1.0,
    "opening_mult_c": 1.5,
    "opening_mult_d": 0.4,
    "opening_mult_f": 1.0,
    "sabotage_bonus": 3.5351248264161805,
    "threatened_cashout_bonus": 1.5837550569206114,
    "time_late_cap": 3.0,
    "time_late_multiplier": 1.0,
    "time_mid_cap": 6.0,
    "time_mid_multiplier": 1.4,
    "time_opening_cap": 8.0,
    "time_opening_multiplier": 1.8
  },
  "worst_fitness": 3.110166666666667
}
