{
  "best_fitness": 6.051666666666668,
  "generation": 51,
  "mean_fitness": 5.532472222222222,
  "strict_validation_details": null,
  "strict_validation_passed": null,
  "weights": {
    "a": 0.810873137190158,
    "b": 1.4790366353914566,
    "c": 2.8915758887414316,
    "d": 0.05186771817875083,
    "f": 0.7355671048112621,
    "fast_search_max_carpet_points": 10.678073617347117,
    "fast_search_prob_threshold": 0.7110706274586097,
    "g": 0.9736116508707855,
    "late_centrality_scale": 0.46501708394644026,
    "late_mult_a": 1.5,
    "late_mult_b": 0.3,
    "late_mult_c": 0.5,
    "late_mult_d": 1.2,
    "late_mult_f": 0.5,
    "mid_lead_centrality_scale": 1.0311437848154308,
    "mid_lead_space_bonus": 1.3944098074574915,
    "mid_mult_a": 1.0,
    "mid_mult_b": 0.8,
    "mid_mult_c": 1.5,
    "mid_mult_d": 0.8,
    "mid_mult_f": 1.0,
    "mid_trailing_centrality_scale": 0.9077789731244763,
    "opening_centrality_scale": 1.461262359397172,
    "opening_mult_a": 1.2,
    "opening_mult_b": 1.0,
    "opening_mult_c": 1.5,
    "opening_mult_d": 0.4,
    "opening_mult_f": 1.0,
    "sabotage_bonus": 5.3947958066589115,
    "threatened_cashout_bonus": 1.0210035848365433,
    "time_late_cap": 3.0,
    "time_late_multiplier": 1.0,
    "time_mid_cap": 6.0,
    "time_mid_multiplier": 1.4,
    "time_opening_cap": 8.0,
    "time_opening_multiplier": 1.8
  },
  "worst_fitness": 5.043333333333334
}
