{
  "best_fitness": 4.866833333333333,
  "generation": 68,
  "mean_fitness": 4.496333333333334,
  "strict_validation_details": null,
  "strict_validation_passed": null,
  "weights": {
    "a": 0.6009848342504285,
    "b": 1.2309618720201598,
    "c": 2.9702790668879273,
    "d": 0.2354130936664009,
    "f": 0.7642355200655223,
    "fast_search_max_carpet_points": 10.773039720811896,
    "fast_search_prob_threshold": 0.5848453920606438,
    "g": 0.462586529954479,
    "late_centrality_scale": 0.637021460630445,
    "late_mult_a": 1.5,
    "late_mult_b": 0.3,
    "late_mult_c": 0.5,
    "late_mult_d": 1.2,
    "late_mult_f": 0.5,
    "mid_lead_centrality_scale": 1.315734229168389,
    "mid_lead_space_bonus": 1.4323606136552667,
    "mid_mult_a": 1.0,
    "mid_mult_b": 0.8,
    "mid_mult_c": 1.5,
    "mid_mult_d": 0.8,
    "mid_mult_f": 1.0,
    "mid_trailing_centrality_scale": 0.877957779442121,
    "opening_centrality_scale": 1.0765553833826833,
    "opening_mult_a": 1.2,
    "opening_mult_b": 1.0,
    "opening_mult_c": 1.5,
    "opening_mult_d": 0.4,
    "opening_mult_f": 1.0,
    "sabotage_bonus": 5.33044337727958,
    "threatened_cashout_bonus": 0.6796065999036645,
    "time_late_cap": 3.0,
    "time_late_multiplier": 1.0,
    "time_mid_cap": 6.0,
    "time_mid_multiplier": 1.4,
    "time_opening_cap": 8.0,
    "time_opening_multiplier": 1.8
  },
  "worst_fitness": 3.897333333333334
}
