{
  "best_fitness": 4.817166666666667,
  "generation": 11,
  "mean_fitness": 4.327111111111111,
  "strict_validation_details": null,
  "strict_validation_passed": null,
  "weights": {
    "a": 1.4261452834433186,
    "b": 1.2607336694081832,
    "c": 2.745401051477137,
    "d": 0.1842582505584643,
    "f": 0.7324799028800365,
    "fast_search_max_carpet_points": 12.662491646601367,
    "fast_search_prob_threshold": 0.9661286646091805,
    "g": 0.49201832065691536,
    "late_centrality_scale": 0.13137641198338168,
    "late_mult_a": 1.5,
    "late_mult_b": 0.3,
    "late_mult_c": 0.5,
    "late_mult_d": 1.2,
    "late_mult_f": 0.5,
    "mid_lead_centrality_scale": 1.121567308914569,
    "mid_lead_space_bonus": 1.4556628007501582,
    "mid_mult_a": 1.0,
    "mid_mult_b": 0.8,
    "mid_mult_c": 1.5,
    "mid_mult_d": 0.8,
    "mid_mult_f": 1.0,
    "mid_trailing_centrality_scale": 1.470041245116655,
    "opening_centrality_scale": 0.938271380005174,
    "opening_mult_a": 1.2,
    "opening_mult_b": 1.0,
    "opening_mult_c": 1.5,
    "opening_mult_d": 0.4,
    "opening_mult_f": 1.0,
    "sabotage_bonus": 3.6566510309233986,
    "threatened_cashout_bonus": 0.9237884323910346,
    "time_late_cap": 3.0,
    "time_late_multiplier": 1.0,
    "time_mid_cap": 6.0,
    "time_mid_multiplier": 1.4,
    "time_opening_cap": 8.0,
    "time_opening_multiplier": 1.8
  },
  "worst_fitness": 3.768666666666667
}
