{
  "best_fitness": 5.790666666666667,
  "generation": 25,
  "mean_fitness": 5.366833333333333,
  "strict_validation_details": null,
  "strict_validation_passed": null,
  "weights": {
    "a": 0.5298199883403297,
    "b": 1.495539665737788,
    "c": 2.8444386133296455,
    "d": 0.36672434012929855,
    "f": 0.5906151054913401,
    "fast_search_max_carpet_points": 11.917948747068689,
    "fast_search_prob_threshold": 0.9742260871387253,
    "g": 0.5897790864316469,
    "late_centrality_scale": 0.8331821799403819,
    "late_mult_a": 1.5,
    "late_mult_b": 0.3,
    "late_mult_c": 0.5,
    "late_mult_d": 1.2,
    "late_mult_f": 0.5,
    "mid_lead_centrality_scale": 0.843234428629013,
    "mid_lead_space_bonus": 1.6259957243803278,
    "mid_mult_a": 1.0,
    "mid_mult_b": 0.8,
    "mid_mult_c": 1.5,
    "mid_mult_d": 0.8,
    "mid_mult_f": 1.0,
    "mid_trailing_centrality_scale": 2.0949586405707397,
    "opening_centrality_scale": 2.036418973414904,
    "opening_mult_a": 1.2,
    "opening_mult_b": 1.0,
    "opening_mult_c": 1.5,
    "opening_mult_d": 0.4,
    "opening_mult_f": 1.0,
    "sabotage_bonus": 2.604143209860328,
    "threatened_cashout_bonus": 1.4246657846495372,
    "time_late_cap": 3.0,
    "time_late_multiplier": 1.0,
    "time_mid_cap": 6.0,
    "time_mid_multiplier": 1.4,
    "time_opening_cap": 8.0,
    "time_opening_multiplier": 1.8
  },
  "worst_fitness": 5.030500000000001
}
