{
  "best_fitness": 5.566333333333334,
  "generation": 0,
  "mean_fitness": 4.331791666666667,
  "strict_validation_details": null,
  "strict_validation_passed": null,
  "weights": {
    "a": 1.5582063894086093,
    "b": 0.2681219027817386,
    "c": 1.480560732585869,
    "d": 0.07423958431348539,
    "f": 0.8673729837227373,
    "fast_search_max_carpet_points": 11.816106571660153,
    "fast_search_prob_threshold": 0.8757747889016291,
    "g": 0.9380984267415948,
    "late_centrality_scale": 0.19930184827752218,
    "late_mult_a": 1.5,
    "late_mult_b": 0.3,
    "late_mult_c": 0.5,
    "late_mult_d": 1.2,
    "late_mult_f": 0.5,
    "mid_lead_centrality_scale": 0.5867378113258754,
    "mid_lead_space_bonus": 0.18985697585826844,
    "mid_mult_a": 1.0,
    "mid_mult_b": 0.8,
    "mid_mult_c": 1.5,
    "mid_mult_d": 0.8,
    "mid_mult_f": 1.0,
    "mid_trailing_centrality_scale": 1.2199308044985617,
    "opening_centrality_scale": 1.30188877278894,
    "opening_mult_a": 1.2,
    "opening_mult_b": 1.0,
    "opening_mult_c": 1.5,
    "opening_mult_d": 0.4,
    "opening_mult_f": 1.0,
    "sabotage_bonus": 3.287530758655098,
    "threatened_cashout_bonus": 2.013713097765572,
    "time_late_cap": 3.0,
    "time_late_multiplier": 1.0,
    "time_mid_cap": 6.0,
    "time_mid_multiplier": 1.4,
    "time_opening_cap": 8.0,
    "time_opening_multiplier": 1.8
  },
  "worst_fitness": 2.9975000000000005
}
