{
  "best_fitness": 3.9724999999999997,
  "generation": 5,
  "mean_fitness": 3.280944444444445,
  "strict_validation_details": null,
  "strict_validation_passed": null,
  "weights": {
    "a": 1.1933267923511737,
    "b": 0.5275389386302631,
    "c": 2.152598039859318,
    "d": 0.19193805727470864,
    "f": 1.3020983652541502,
    "fast_search_max_carpet_points": 12.078294824805143,
    "fast_search_prob_threshold": 0.794637074066521,
    "g": 0.36755670881997293,
    "late_centrality_scale": 0.12589893458464815,
    "late_mult_a": 1.5,
    "late_mult_b": 0.3,
    "late_mult_c": 0.5,
    "late_mult_d": 1.2,
    "late_mult_f": 0.5,
    "mid_lead_centrality_scale": 0.7951204803087402,
    "mid_lead_space_bonus": 0.632174807770503,
    "mid_mult_a": 1.0,
    "mid_mult_b": 0.8,
    "mid_mult_c": 1.5,
    "mid_mult_d": 0.8,
    "mid_mult_f": 1.0,
    "mid_trailing_centrality_scale": 0.8785409597615416,
    "opening_centrality_scale": 1.0951572401853282,
    "opening_mult_a": 1.2,
    "opening_mult_b": 1.0,
    "opening_mult_c": 1.5,
    "opening_mult_d": 0.4,
    "opening_mult_f": 1.0,
    "sabotage_bonus": 4.035835229884132,
    "threatened_cashout_bonus": 2.1434785898097286,
    "time_late_cap": 3.0,
    "time_late_multiplier": 1.0,
    "time_mid_cap": 6.0,
    "time_mid_multiplier": 1.4,
    "time_opening_cap": 8.0,
    "time_opening_multiplier": 1.8
  },
  "worst_fitness": 2.3865000000000007
}
