{
  "best_fitness": 4.934166666666667,
  "generation": 72,
  "mean_fitness": 4.395124999999999,
  "strict_validation_details": null,
  "strict_validation_passed": null,
  "weights": {
    "a": 0.8297365169654313,
    "b": 1.1144923518059267,
    "c": 2.9649209424394485,
    "d": 0.47795228981216165,
    "f": 0.687786636843171,
    "fast_search_max_carpet_points": 10.286921085315212,
    "fast_search_prob_threshold": 0.5234652252923623,
    "g": 0.8475381173746774,
    "late_centrality_scale": 0.4310967197392849,
    "late_mult_a": 1.5,
    "late_mult_b": 0.3,
    "late_mult_c": 0.5,
    "late_mult_d": 1.2,
    "late_mult_f": 0.5,
    "mid_lead_centrality_scale": 1.261699854256574,
    "mid_lead_space_bonus": 1.6638740365061144,
    "mid_mult_a": 1.0,
    "mid_mult_b": 0.8,
    "mid_mult_c": 1.5,
    "mid_mult_d": 0.8,
    "mid_mult_f": 1.0,
    "mid_trailing_centrality_scale": 1.5306753216762903,
    "opening_centrality_scale": 1.041914483978288,
    "opening_mult_a": 1.2,
    "opening_mult_b": 1.0,
    "opening_mult_c": 1.5,
    "opening_mult_d": 0.4,
    "opening_mult_f": 1.0,
    "sabotage_bonus": 4.947830815327222,
    "threatened_cashout_bonus": 0.6309552698909224,
    "time_late_cap": 3.0,
    "time_late_multiplier": 1.0,
    "time_mid_cap": 6.0,
    "time_mid_multiplier": 1.4,
    "time_opening_cap": 8.0,
    "time_opening_multiplier": 1.8
  },
  "worst_fitness": 4.0568333333333335
}
