{
  "best_fitness": 7.787166666666667,
  "generation": 60,
  "mean_fitness": 7.122430555555556,
  "strict_validation_details": null,
  "strict_validation_passed": null,
  "weights": {
    "a": 0.7560812499576841,
    "b": 1.2690166830334015,
    "c": 2.968513698632762,
    "d": 0.12389831121702745,
    "f": 0.9200974245697428,
    "fast_search_max_carpet_points": 10.557863558876127,
    "fast_search_prob_threshold": 0.7233389071012245,
    "g": 0.6189448307619201,
    "late_centrality_scale": 0.008430285505110392,
    "late_mult_a": 1.5,
    "late_mult_b": 0.3,
    "late_mult_c": 0.5,
    "late_mult_d": 1.2,
    "late_mult_f": 0.5,
    "mid_lead_centrality_scale": 1.1462499526737893,
    "mid_lead_space_bonus": 1.592175289052155,
    "mid_mult_a": 1.0,
    "mid_mult_b": 0.8,
    "mid_mult_c": 1.5,
    "mid_mult_d": 0.8,
    "mid_mult_f": 1.0,
    "mid_trailing_centrality_scale": 1.1930480122852642,
    "opening_centrality_scale": 1.5624975895920743,
    "opening_mult_a": 1.2,
    "opening_mult_b": 1.0,
    "opening_mult_c": 1.5,
    "opening_mult_d": 0.4,
    "opening_mult_f": 1.0,
    "sabotage_bonus": 5.044849441998777,
    "threatened_cashout_bonus": 0.6136902662227975,
    "time_late_cap": 3.0,
    "time_late_multiplier": 1.0,
    "time_mid_cap": 6.0,
    "time_mid_multiplier": 1.4,
    "time_opening_cap": 8.0,
    "time_opening_multiplier": 1.8
  },
  "worst_fitness": 6.713
}
