{
  "best_fitness": 5.732666666666667,
  "generation": 16,
  "mean_fitness": 4.960000000000001,
  "strict_validation_details": null,
  "strict_validation_passed": null,
  "weights": {
    "a": 0.7901196009205873,
    "b": 0.8093062865037965,
    "c": 2.4809223346717117,
    "d": 0.6704968561360154,
    "f": 1.4432444216618001,
    "fast_search_max_carpet_points": 12.15501971697397,
    "fast_search_prob_threshold": 0.9789750225362199,
    "g": 0.46287116090383296,
    "late_centrality_scale": 0.1586230888935024,
    "late_mult_a": 1.5,
    "late_mult_b": 0.3,
    "late_mult_c": 0.5,
    "late_mult_d": 1.2,
    "late_mult_f": 0.5,
    "mid_lead_centrality_scale": 0.7239414669596573,
    "mid_lead_space_bonus": 0.8822816466120957,
    "mid_mult_a": 1.0,
    "mid_mult_b": 0.8,
    "mid_mult_c": 1.5,
    "mid_mult_d": 0.8,
    "mid_mult_f": 1.0,
    "mid_trailing_centrality_scale": 1.7030131423129222,
    "opening_centrality_scale": 1.8896500111147922,
    "opening_mult_a": 1.2,
    "opening_mult_b": 1.0,
    "opening_mult_c": 1.5,
    "opening_mult_d": 0.4,
    "opening_mult_f": 1.0,
    "sabotage_bonus": 3.664562359373462,
    "threatened_cashout_bonus": 1.6028930337113412,
    "time_late_cap": 3.0,
    "time_late_multiplier": 1.0,
    "time_mid_cap": 6.0,
    "time_mid_multiplier": 1.4,
    "time_opening_cap": 8.0,
    "time_opening_multiplier": 1.8
  },
  "worst_fitness": 4.0445
}
