{
  "best_fitness": 7.5040000000000004,
  "generation": 48,
  "mean_fitness": 6.569486111111112,
  "strict_validation_details": null,
  "strict_validation_passed": null,
  "weights": {
    "a": 0.520710956794541,
    "b": 1.4634014479248254,
    "c": 2.999495046715302,
    "d": 0.1249533428365927,
    "f": 0.8754953200348066,
    "fast_search_max_carpet_points": 10.893191955237864,
    "fast_search_prob_threshold": 0.6471109474785244,
    "g": 1.1489643101360034,
    "late_centrality_scale": 0.3135052167133148,
    "late_mult_a": 1.5,
    "late_mult_b": 0.3,
    "late_mult_c": 0.5,
    "late_mult_d": 1.2,
    "late_mult_f": 0.5,
    "mid_lead_centrality_scale": 0.5497185108217139,
    "mid_lead_space_bonus": 1.547187200332242,
    "mid_mult_a": 1.0,
    "mid_mult_b": 0.8,
    "mid_mult_c": 1.5,
    "mid_mult_d": 0.8,
    "mid_mult_f": 1.0,
    "mid_trailing_centrality_scale": 1.5299132868120648,
    "opening_centrality_scale": 1.8243828107494626,
    "opening_mult_a": 1.2,
    "opening_mult_b": 1.0,
    "opening_mult_c": 1.5,
    "opening_mult_d": 0.4,
    "opening_mult_f": 1.0,
    "sabotage_bonus": 5.113633975368168,
    "threatened_cashout_bonus": 0.5065318088668634,
    "time_late_cap": 3.0,
    "time_late_multiplier": 1.0,
    "time_mid_cap": 6.0,
    "time_mid_multiplier": 1.4,
    "time_opening_cap": 8.0,
    "time_opening_multiplier": 1.8
  },
  "worst_fitness": 5.786333333333333
}
