{
  "best_fitness": 6.7525,
  "generation": 12,
  "mean_fitness": 6.041652777777778,
  "strict_validation_details": null,
  "strict_validation_passed": null,
  "weights": {
    "a": 1.8861768515323836,
    "b": 0.8127961078166481,
    "c": 2.9933476720258945,
    "d": 0.6365153774788559,
    "f": 0.7125950334016979,
    "fast_search_max_carpet_points": 12.04387919767578,
    "fast_search_prob_threshold": 0.8131000306597236,
    "g": 0.0856146957162847,
    "late_centrality_scale": 0.05075260836058593,
    "late_mult_a": 1.5,
    "late_mult_b": 0.3,
    "late_mult_c": 0.5,
    "late_mult_d": 1.2,
    "late_mult_f": 0.5,
    "mid_lead_centrality_scale": 0.7354330238017445,
    "mid_lead_space_bonus": 1.3239770508923134,
    "mid_mult_a": 1.0,
    "mid_mult_b": 0.8,
    "mid_mult_c": 1.5,
    "mid_mult_d": 0.8,
    "mid_mult_f": 1.0,
    "mid_trailing_centrality_scale": 1.054523107454464,
    "opening_centrality_scale": 1.1941362866086398,
    "opening_mult_a": 1.2,
    "opening_mult_b": 1.0,
    "opening_mult_c": 1.5,
    "opening_mult_d": 0.4,
    "opening_mult_f": 1.0,
    "sabotage_bonus": 3.684545214395921,
    "threatened_cashout_bonus": 1.6212980762791378,
    "time_late_cap": 3.0,
    "time_late_multiplier": 1.0,
    "time_mid_cap": 6.0,
    "time_mid_multiplier": 1.4,
    "time_opening_cap": 8.0,
    "time_opening_multiplier": 1.8
  },
  "worst_fitness": 5.1818333333333335
}
