{
  "best_fitness": 6.931333333333334,
  "generation": 28,
  "mean_fitness": 6.517861111111112,
  "strict_validation_details": null,
  "strict_validation_passed": null,
  "weights": {
    "a": 0.8330773995911158,
    "b": 1.3003052514406652,
    "c": 2.169217520876388,
    "d": 0.1681576913831301,
    "f": 0.8697734713967424,
    "fast_search_max_carpet_points": 11.746925357333915,
    "fast_search_prob_threshold": 0.7691565680999012,
    "g": 1.1722022307512445,
    "late_centrality_scale": 0.5614912412637025,
    "late_mult_a": 1.5,
    "late_mult_b": 0.3,
    "late_mult_c": 0.5,
    "late_mult_d": 1.2,
    "late_mult_f": 0.5,
    "mid_lead_centrality_scale": 1.1097720742760333,
    "mid_lead_space_bonus": 1.9760981454660358,
    "mid_mult_a": 1.0,
    "mid_mult_b": 0.8,
    "mid_mult_c": 1.5,
    "mid_mult_d": 0.8,
    "mid_mult_f": 1.0,
    "mid_trailing_centrality_scale": 1.6880757003333382,
    "opening_centrality_scale": 1.566277728673622,
    "opening_mult_a": 1.2,
    "opening_mult_b": 1.0,
    "opening_mult_c": 1.5,
    "opening_mult_d": 0.4,
    "opening_mult_f": 1.0,
    "sabotage_bonus": 2.5431597336470033,
    "threatened_cashout_bonus": 1.8068040060595956,
    "time_late_cap": 3.0,
    "time_late_multiplier": 1.0,
    "time_mid_cap": 6.0,
    "time_mid_multiplier": 1.4,
    "time_opening_cap": 8.0,
    "time_opening_multiplier": 1.8
  },
  "worst_fitness": 5.804333333333334
}
