{
  "best_fitness": 8.391166666666667,
  "generation": 73,
  "mean_fitness": 7.571194444444445,
  "strict_validation_details": null,
  "strict_validation_passed": null,
  "weights": {
    "a": 0.6020455728454563,
    "b": 0.8554684403815278,
    "c": 2.7905648538050656,
    "d": 0.0639837964809924,
    "f": 0.38219462421481937,
    "fast_search_max_carpet_points": 10.338548122240738,
    "fast_search_prob_threshold": 0.5446262695784035,
    "g": 0.5679211150410758,
    "late_centrality_scale": 0.4363883595833468,
    "late_mult_a": 1.5,
    "late_mult_b": 0.3,
    "late_mult_c": 0.5,
    "late_mult_d": 1.2,
    "late_mult_f": 0.5,
    "mid_lead_centrality_scale": 1.4659896478697658,
    "mid_lead_space_bonus": 1.6403847518628099,
    "mid_mult_a": 1.0,
    "mid_mult_b": 0.8,
    "mid_mult_c": 1.5,
    "mid_mult_d": 0.8,
    "mid_mult_f": 1.0,
    "mid_trailing_centrality_scale": 1.3232066167367509,
    "opening_centrality_scale": 1.6287632325270849,
    "opening_mult_a": 1.2,
    "opening_mult_b": 1.0,
    "opening_mult_c": 1.5,
    "opening_mult_d": 0.4,
    "opening_mult_f": 1.0,
    "sabotage_bonus": 4.98570749688764,
    "threatened_cashout_bonus": 0.6911332380628686,
    "time_late_cap": 3.0,
    "time_late_multiplier": 1.0,
    "time_mid_cap": 6.0,
    "time_mid_multiplier": 1.4,
    "time_opening_cap": 8.0,
    "time_opening_multiplier": 1.8
  },
  "worst_fitness": 6.991
}
