{
  "best_fitness": 5.119166666666667,
  "generation": 63,
  "mean_fitness": 4.673180555555556,
  "strict_validation_details": null,
  "strict_validation_passed": null,
  "weights": {
    "a": 0.626283879206226,
    "b": 1.4095273721357142,
    "c": 2.9982755455358125,
    "d": 0.17380904972531722,
    "f": 1.1087299037427194,
    "fast_search_max_carpet_points": 10.653804011138305,
    "fast_search_prob_threshold": 0.7564540042551147,
    "g": 0.35233125116459,
    "late_centrality_scale": 0.8830706826155366,
    "late_mult_a": 1.5,
    "late_mult_b": 0.3,
    "late_mult_c": 0.5,
    "late_mult_d": 1.2,
    "late_mult_f": 0.5,
    "mid_lead_centrality_scale": 1.04386591016171,
    "mid_lead_space_bonus": 1.9871551052975425,
    "mid_mult_a": 1.0,
    "mid_mult_b": 0.8,
    "mid_mult_c": 1.5,
    "mid_mult_d": 0.8,
    "mid_mult_f": 1.0,
    "mid_trailing_centrality_scale": 0.8634220554705502,
    "opening_centrality_scale": 1.78709339178027,
    "opening_mult_a": 1.2,
    "opening_mult_b": 1.0,
    "opening_mult_c": 1.5,
    "opening_mult_d": 0.4,
    "opening_mult_f": 1.0,
    "sabotage_bonus": 5.080176461024654,
    "threatened_cashout_bonus": 0.36999544422455755,
    "time_late_cap": 3.0,
    "time_late_multiplier": 1.0,
    "time_mid_cap": 6.0,
    "time_mid_multiplier": 1.4,
    "time_opening_cap": 8.0,
    "time_opening_multiplier": 1.8
  },
  "worst_fitness": 4.312833333333334
}
