{
  "best_fitness": 7.037833333333333,
  "generation": 56,
  "mean_fitness": 6.623097222222223,
  "strict_validation_details": null,
  "strict_validation_passed": null,
  "weights": {
    "a": 0.5899306241648927,
    "b": 1.4080714147239297,
    "c": 2.9129628017821148,
    "d": 0.2690852744237983,
    "f": 0.9634802794421324,
    "fast_search_max_carpet_points": 11.01536608904348,
    "fast_search_prob_threshold": 0.5008544990259204,
    "g": 0.8495266692988377,
    "late_centrality_scale": 0.2503381084189913,
    "late_mult_a": 1.5,
    "late_mult_b": 0.3,
    "late_mult_c": 0.5,
    "late_mult_d": 1.2,
    "late_mult_f": 0.5,
    "mid_lead_centrality_scale": 0.919871370309207,
    "mid_lead_space_bonus": 1.8986159844483061,
    "mid_mult_a": 1.0,
    "mid_mult_b": 0.8,
    "mid_mult_c": 1.5,
    "mid_mult_d": 0.8,
    "mid_mult_f": 1.0,
    "mid_trailing_centrality_scale": 1.1515122481046716,
    "opening_centrality_scale": 1.0416761416414269,
    "opening_mult_a": 1.2,
    "opening_mult_b": 1.0,
    "opening_mult_c": 1.5,
    "opening_mult_d": 0.4,
    "opening_mult_f": 1.0,
    "sabotage_bonus": 5.541076093858015,
    "threatened_cashout_bonus": 0.09976626347484474,
    "time_late_cap": 3.0,
    "time_late_multiplier": 1.0,
    "time_mid_cap": 6.0,
    "time_mid_multiplier": 1.4,
    "time_opening_cap": 8.0,
    "time_opening_multiplier": 1.8
  },
  "worst_fitness": 6.203166666666667
}
