{
  "best_fitness": 6.069000000000001,
  "generation": 30,
  "mean_fitness": 5.618333333333333,
  "strict_validation_details": null,
  "strict_validation_passed": null,
  "weights": {
    "a": 0.9770704505045378,
    "b": 0.5460704848229643,
    "c": 2.565900479865607,
    "d": 0.277502067147719,
    "f": 0.7521625592256613,
    "fast_search_max_carpet_points": 12.12757848263502,
    "fast_search_prob_threshold": 0.7241909750959681,
    "g": 0.0652524612580131,
    "late_centrality_scale": 0.11363671053747518,
    "late_mult_a": 1.5,
    "late_mult_b": 0.3,
    "late_mult_c": 0.5,
    "late_mult_d": 1.2,
    "late_mult_f": 0.5,
    "mid_lead_centrality_scale": 1.1796447855385566,
    "mid_lead_space_bonus": 1.166159772812073,
    "mid_mult_a": 1.0,
    "mid_mult_b": 0.8,
    "mid_mult_c": 1.5,
    "mid_mult_d": 0.8,
    "mid_mult_f": 1.0,
    "mid_trailing_centrality_scale": 0.8374127153875129,
    "opening_centrality_scale": 1.3424613331316624,
    "opening_mult_a": 1.2,
    "opening_mult_b": 1.0,
    "opening_mult_c": 1.5,
    "opening_mult_d": 0.4,
    "opening_mult_f": 1.0,
    "sabotage_bonus": 3.8337354512871604,
    "threatened_cashout_bonus": 1.352709404941828,
    "time_late_cap": 3.0,
    "time_late_multiplier": 1.0,
    "time_mid_cap": 6.0,
    "time_mid_multiplier": 1.4,
    "time_opening_cap": 8.0,
    "time_opening_multiplier": 1.8
  },
  "worst_fitness": 4.8505
}
