{
  "best_fitness": 5.8678333333333335,
  "generation": 38,
  "mean_fitness": 4.993763888888889,
  "strict_validation_details": null,
  "strict_validation_passed": null,
  "weights": {
    "a": 0.6449344751029134,
    "b": 0.7430947076449571,
    "c": 2.9991387015591124,
    "d": 1.1319690156812072,
    "f": 0.2578325612611617,
    "fast_search_max_carpet_points": 11.673076628196087,
    "fast_search_prob_threshold": 0.5155432163234595,
    "g": 1.016229091004386,
    "late_centrality_scale": 1.1174648973395374,
    "late_mult_a": 1.5,
    "late_mult_b": 0.3,
    "late_mult_c": 0.5,
    "late_mult_d": 1.2,
    "late_mult_f": 0.5,
    "mid_lead_centrality_scale": 0.9248586162575124,
    "mid_lead_space_bonus": 0.9140691433335988,
    "mid_mult_a": 1.0,
    "mid_mult_b": 0.8,
    "mid_mult_c": 1.5,
    "mid_mult_d": 0.8,
    "mid_mult_f": 1.0,
    "mid_trailing_centrality_scale": 1.1069026082369307,
    "opening_centrality_scale": 0.6347364442565897,
    "opening_mult_a": 1.2,
    "opening_mult_b": 1.0,
    "opening_mult_c": 1.5,
    "opening_mult_d": 0.4,
    "opening_mult_f": 1.0,
    "sabotage_bonus": 4.842092533182224,
    "threatened_cashout_bonus": 0.8545230797464247,
    "time_late_cap": 3.0,
    "time_late_multiplier": 1.0,
    "time_mid_cap": 6.0,
    "time_mid_multiplier": 1.4,
    "time_opening_cap": 8.0,
    "time_opening_multiplier": 1.8
  },
  "worst_fitness": 4.0631666666666675
}
