{
  "best_fitness": 6.6945,
  "generation": 53,
  "mean_fitness": 5.832152777777778,
  "strict_validation_details": null,
  "strict_validation_passed": null,
  "weights": {
    "a": 1.1404150589602953,
    "b": 1.4999776994918186,
    "c": 2.983775263274395,
    "d": 0.19509701387246678,
    "f": 0.5356411540206735,
    "fast_search_max_carpet_points": 11.055962590783361,
    "fast_search_prob_threshold": 0.6562076433900852,
    "g": 1.1099362837629823,
    "late_centrality_scale": 0.06004555837411782,
    "late_mult_a": 1.5,
    "late_mult_b": 0.3,
    "late_mult_c": 0.5,
    "late_mult_d": 1.2,
    "late_mult_f": 0.5,
    "mid_lead_centrality_scale": 0.8531931354319617,
    "mid_lead_space_bonus": 1.8297232908776866,
    "mid_mult_a": 1.0,
    "mid_mult_b": 0.8,
    "mid_mult_c": 1.5,
    "mid_mult_d": 0.8,
    "mid_mult_f": 1.0,
    "mid_trailing_centrality_scale": 0.8051864687929733,
    "opening_centrality_scale": 1.8273670085832012,
    "opening_mult_a": 1.2,
    "opening_mult_b": 1.0,
    "opening_mult_c": 1.5,
    "opening_mult_d": 0.4,
    "opening_mult_f": 1.0,
    "sabotage_bonus": 5.223045553585599,
    "threatened_cashout_bonus": 0.5251237595370916,
    "time_late_cap": 3.0,
    "time_late_multiplier": 1.0,
    "time_mid_cap": 6.0,
    "time_mid_multiplier": 1.4,
    "time_opening_cap": 8.0,
    "time_opening_multiplier": 1.8
  },
  "worst_fitness": 5.260999999999999
}
