{
  "best_fitness": 5.008333333333334,
  "generation": 55,
  "mean_fitness": 4.602138888888889,
  "strict_validation_details": null,
  "strict_validation_passed": null,
  "weights": {
    "a": 1.0102597623007998,
    "b": 1.0771556954366437,
    "c": 2.994537181469366,
    "d": 0.4963051347795987,
    "f": 0.7009367507237686,
    "fast_search_max_carpet_points": 10.318169601823566,
    "fast_search_prob_threshold": 0.5135212969031235,
    "g": 0.7649897425740781,
    "late_centrality_scale": 0.24404221614504165,
    "late_mult_a": 1.5,
    "late_mult_b": 0.3,
    "late_mult_c": 0.5,
    "late_mult_d": 1.2,
    "late_mult_f": 0.5,
    "mid_lead_centrality_scale": 0.7747141983355967,
    "mid_lead_space_bonus": 1.8455836282937048,
    "mid_mult_a": 1.0,
    "mid_mult_b": 0.8,
    "mid_mult_c": 1.5,
    "mid_mult_d": 0.8,
    "mid_mult_f": 1.0,
    "mid_trailing_centrality_scale": 0.639514765744023,
    "opening_centrality_scale": 1.2070537284480491,
    "opening_mult_a": 1.2,
    "opening_mult_b": 1.0,
    "opening_mult_c": 1.5,
    "opening_mult_d": 0.4,
    "opening_mult_f": 1.0,
    "sabotage_bonus": 5.257077238238238,
    "threatened_cashout_bonus": 0.30321414564079996,
    "time_late_cap": 3.0,
    "time_late_multiplier": 1.0,
    "time_mid_cap": 6.0,
    "time_mid_multiplier": 1.4,
    "time_opening_cap": 8.0,
    "time_opening_multiplier": 1.8
  },
  "worst_fitness": 4.090833333333333
}
