{
  "best_fitness": 5.599,
  "generation": 7,
  "mean_fitness": 4.857,
  "strict_validation_details": null,
  "strict_validation_passed": null,
  "weights": {
    "a": 1.0780285326153447,
    "b": 0.4839397540164008,
    "c": 1.7714921861485924,
    "d": 0.1705497306766339,
    "f": 0.6889671424456132,
    "fast_search_max_carpet_points": 12.163639249719582,
    "fast_search_prob_threshold": 0.9669083834788951,
    "g": 0.618662809458215,
    "late_centrality_scale": 0.007245454942155229,
    "late_mult_a": 1.5,
    "late_mult_b": 0.3,
    "late_mult_c": 0.5,
    "late_mult_d": 1.2,
    "late_mult_f": 0.5,
    "mid_lead_centrality_scale": 0.6856106539614092,
    "mid_lead_space_bonus": 1.0396610549645344,
    "mid_mult_a": 1.0,
    "mid_mult_b": 0.8,
    "mid_mult_c": 1.5,
    "mid_mult_d": 0.8,
    "mid_mult_f": 1.0,
    "mid_trailing_centrality_scale": 1.4435604428544988,
    "opening_centrality_scale": 1.2761659553952827,
    "opening_mult_a": 1.2,
    "opening_mult_b": 1.0,
    "opening_mult_c": 1.5,
    "opening_mult_d": 0.4,
    "opening_mult_f": 1.0,
    "sabotage_bonus": 3.7432691311298454,
    "threatened_cashout_bonus": 1.6758132929682499,
    "time_late_cap": 3.0,
    "time_late_multiplier": 1.0,
    "time_mid_cap": 6.0,
    "time_mid_multiplier": 1.4,
    "time_opening_cap": 8.0,
    "time_opening_multiplier": 1.8
  },
  "worst_fitness": 4.096666666666668
}
