{
  "best_fitness": 5.977666666666667,
  "generation": 13,
  "mean_fitness": 5.3073749999999995,
  "strict_validation_details": null,
  "strict_validation_passed": null,
  "weights": {
    "a": 1.6733520772863915,
    "b": 0.3989974754228327,
    "c": 2.7637055867786815,
    "d": 0.6678986420992047,
    "f": 0.7340178534234708,
    "fast_search_max_carpet_points": 11.932400270193323,
    "fast_search_prob_threshold": 0.7984749504781475,
    "g": 0.491344494048808,
    "late_centrality_scale": 0.5016554213964374,
    "late_mult_a": 1.5,
    "late_mult_b": 0.3,
    "late_mult_c": 0.5,
    "late_mult_d": 1.2,
    "late_mult_f": 0.5,
    "mid_lead_centrality_scale": 0.6828749820126301,
    "mid_lead_space_bonus": 1.2115372161414197,
    "mid_mult_a": 1.0,
    "mid_mult_b": 0.8,
    "mid_mult_c": 1.5,
    "mid_mult_d": 0.8,
    "mid_mult_f": 1.0,
    "mid_trailing_centrality_scale": 1.9560052300291484,
    "opening_centrality_scale": 1.2896489582045723,
    "opening_mult_a": 1.2,
    "opening_mult_b": 1.0,
    "opening_mult_c": 1.5,
    "opening_mult_d": 0.4,
    "opening_mult_f": 1.0,
    "sabotage_bonus": 3.7218164061016057,
    "threatened_cashout_bonus": 1.7219332105428187,
    "time_late_cap": 3.0,
    "time_late_multiplier": 1.0,
    "time_mid_cap": 6.0,
    "time_mid_multiplier": 1.4,
    "time_opening_cap": 8.0,
    "time_opening_multiplier": 1.8
  },
  "worst_fitness": 4.934666666666667
}
