{
  "best_fitness": 7.4285,
  "generation": 20,
  "mean_fitness": 6.72976388888889,
  "strict_validation_details": null,
  "strict_validation_passed": null,
  "weights": {
    "a": 0.9289530298836837,
    "b": 1.1753310952740255,
    "c": 2.338848826956749,
    "d": 0.13948731931679015,
    "f": 0.7179292595188196,
    "fast_search_max_carpet_points": 11.930244956843817,
    "fast_search_prob_threshold": 0.8512534324522739,
    "g": 0.31875085091111527,
    "late_centrality_scale": 0.5948712769626926,
    "late_mult_a": 1.5,
    "late_mult_b": 0.3,
    "late_mult_c": 0.5,
    "late_mult_d": 1.2,
    "late_mult_f": 0.5,
    "mid_lead_centrality_scale": 0.9980139121748391,
    "mid_lead_space_bonus": 1.9949184965016318,
    "mid_mult_a": 1.0,
    "mid_mult_b": 0.8,
    "mid_mult_c": 1.5,
    "mid_mult_d": 0.8,
    "mid_mult_f": 1.0,
    "mid_trailing_centrality_scale": 1.9248499360730549,
    "opening_centrality_scale": 1.8329647083549958,
    "opening_mult_a": 1.2,
    "opening_mult_b": 1.0,
    "opening_mult_c": 1.5,
    "opening_mult_d": 0.4,
    "opening_mult_f": 1.0,
    "sabotage_bonus": 3.1586771769778927,
    "threatened_cashout_bonus": 1.6788150075858228,
    "time_late_cap": 3.0,
    "time_late_multiplier": 1.0,
    "time_mid_cap": 6.0,
    "time_mid_multiplier": 1.4,
    "time_opening_cap": 8.0,
    "time_opening_multiplier": 1.8
  },
  "worst_fitness": 6.236666666666667
}
