{
  "best_fitness": 4.6775,
  "generation": 52,
  "mean_fitness": 4.102097222222223,
  "strict_validation_details": null,
  "strict_validation_passed": null,
  "weights": {
    "a": 0.8162983775007873,
    "b": 1.2184426305168907,
    "c": 2.957555541674286,
    "d": 0.23022707180886826,
    "f": 0.43594293935423206,
    "fast_search_max_carpet_points": 10.700127330594999,
    "fast_search_prob_threshold": 0.5002174722265617,
    "g": 1.4938193423194686,
    "late_centrality_scale": 0.1809746867424561,
    "late_mult_a": 1.5,
    "late_mult_b": 0.3,
    "late_mult_c": 0.5,
    "late_mult_d": 1.2,
    "late_mult_f": 0.5,
    "mid_lead_centrality_scale": 0.6118527740771265,
    "mid_lead_space_bonus": 1.621750171772734,
    "mid_mult_a": 1.0,
    "mid_mult_b": 0.8,
    "mid_mult_c": 1.5,
    "mid_mult_d": 0.8,
    "mid_mult_f": 1.0,
    "mid_trailing_centrality_scale": 0.9466161382095344,
    "opening_centrality_scale": 0.9230565079591175,
    "opening_mult_a": 1.2,
    "opening_mult_b": 1.0,
    "opening_mult_c": 1.5,
    "opening_mult_d": 0.4,
    "opening_mult_f": 1.0,
    "sabotage_bonus": 5.726747557076621,
    "threatened_cashout_bonus": 0.01536732309722392,
    "time_late_cap": 3.0,
    "time_late_multiplier": 1.0,
    "time_mid_cap": 6.0,
    "time_mid_multiplier": 1.4,
    "time_opening_cap": 8.0,
    "time_opening_multiplier": 1.8
  },
  "worst_fitness": 3.341166666666667
}
