{
  "best_fitness": 7.449833333333334,
  "generation": 1,
  "mean_fitness": 6.214277777777778,
  "strict_validation_details": null,
  "strict_validation_passed": null,
  "weights": {
    "a": 1.3646696225867838,
    "b": 0.6828791477117194,
    "c": 1.7421115613832738,
    "d": 0.08793562687804475,
    "f": 0.7439786144575644,
    "fast_search_max_carpet_points": 12.061435417725857,
    "fast_search_prob_threshold": 0.8483990129217367,
    "g": 0.42921531667939744,
    "late_centrality_scale": 0.1124777427276222,
    "late_mult_a": 1.5,
    "late_mult_b": 0.3,
    "late_mult_c": 0.5,
    "late_mult_d": 1.2,
    "late_mult_f": 0.5,
    "mid_lead_centrality_scale": 0.6885706639720236,
    "mid_lead_space_bonus": 0.44614790189554004,
    "mid_mult_a": 1.0,
    "mid_mult_b": 0.8,
    "mid_mult_c": 1.5,
    "mid_mult_d": 0.8,
    "mid_mult_f": 1.0,
    "mid_trailing_centrality_scale": 1.1585247198624153,
    "opening_centrality_scale": 1.3524214492148479,
    "opening_mult_a": 1.2,
    "opening_mult_b": 1.0,
    "opening_mult_c": 1.5,
    "opening_mult_d": 0.4,
    "opening_mult_f": 1.0,
    "sabotage_bonus": 3.566635608895407,
    "threatened_cashout_bonus": 1.813193683600635,
    "time_late_cap": 3.0,
    "time_late_multiplier": 1.0,
    "time_mid_cap": 6.0,
    "time_mid_multiplier": 1.4,
    "time_opening_cap": 8.0,
    "time_opening_multiplier": 1.8
  },
  "worst_fitness": 4.214166666666667
}
