{
  "best_fitness": 5.937,
  "generation": 65,
  "mean_fitness": 5.404388888888889,
  "strict_validation_details": null,
  "strict_validation_passed": null,
  "weights": {
    "a": 0.6210722186881371,
    "b": 0.9789299595772006,
    "c": 2.9317310309529327,
    "d": 0.29757373602367204,
    "f": 0.6017556739121015,
    "fast_search_max_carpet_points": 10.98075390579636,
    "fast_search_prob_threshold": 0.7234276206263839,
    "g": 0.1519863248823513,
    "late_centrality_scale": 0.6568508007103604,
    "late_mult_a": 1.5,
    "late_mult_b": 0.3,
    "late_mult_c": 0.5,
    "late_mult_d": 1.2,
    "late_mult_f": 0.5,
    "mid_lead_centrality_scale": 1.593011192384436,
    "mid_lead_space_bonus": 1.4456267932905216,
    "mid_mult_a": 1.0,
    "mid_mult_b": 0.8,
    "mid_mult_c": 1.5,
    "mid_mult_d": 0.8,
    "mid_mult_f": 1.0,
    "mid_trailing_centrality_scale": 0.7308618165870275,
    "opening_centrality_scale": 1.4040869929175457,
    "opening_mult_a": 1.2,
    "opening_mult_b": 1.0,
    "opening_mult_c": 1.5,
    "opening_mult_d": 0.4,
    "opening_mult_f": 1.0,
    "sabotage_bonus": 4.941356628387493,
    "threatened_cashout_bonus": 0.526566306042419,
    "time_late_cap": 3.0,
    "time_late_multiplier": 1.0,
    "time_mid_cap": 6.0,
    "time_mid_multiplier": 1.4,
    "time_opening_cap": 8.0,
    "time_opening_multiplier": 1.8
  },
  "worst_fitness": 4.692
}
