{
  "best_fitness": 5.7855,
  "generation": 40,
  "mean_fitness": 5.205777777777778,
  "strict_validation_details": null,
  "strict_validation_passed": null,
  "weights": {
    "a": 0.9348727053513167,
    "b": 1.376150450934098,
    "c": 2.9569877230048123,
    "d": 1.2834142868382852,
    "f": 0.6656863267326367,
    "fast_search_max_carpet_points": 11.643322672161784,
    "fast_search_prob_threshold": 0.5855958500503915,
    "g": 1.2502522805325136,
    "late_centrality_scale": 1.3486285361554926,
    "late_mult_a": 1.5,
    "late_mult_b": 0.3,
    "late_mult_c": 0.5,
    "late_mult_d": 1.2,
    "late_mult_f": 0.5,
    "mid_lead_centrality_scale": 0.4833278674854116,
    "mid_lead_space_bonus": 0.5055413389974488,
    "mid_mult_a": 1.0,
    "mid_mult_b": 0.8,
    "mid_mult_c": 1.5,
    "mid_mult_d": 0.8,
    "mid_mult_f": 1.0,
    "mid_trailing_centrality_scale": 0.936500996985818,
    "opening_centrality_scale": 0.5366063655011841,
    "opening_mult_a": 1.2,
    "opening_mult_b": 1.0,
    "opening_mult_c": 1.5,
    "opening_mult_d": 0.4,
    "opening_mult_f": 1.0,
    "sabotage_bonus": 5.029007150268146,
    "threatened_cashout_bonus": 1.277931698293006,
    "time_late_cap": 3.0,
    "time_late_multiplier": 1.0,
    "time_mid_cap": 6.0,
    "time_mid_multiplier": 1.4,
    "time_opening_cap": 8.0,
    "time_opening_multiplier": 1.8
  },
  "worst_fitness": 4.5088333333333335
}
