{
  "best_fitness": 6.679166666666668,
  "generation": 2,
  "mean_fitness": 4.998083333333334,
  "strict_validation_details": null,
  "strict_validation_passed": null,
  "weights": {
    "a": 1.4278815621563716,
    "b": 0.6314957816921881,
    "c": 1.7558090075363526,
    "d": 0.33510658240381613,
    "f": 0.802202992846993,
    "fast_search_max_carpet_points": 11.923896646278745,
    "fast_search_prob_threshold": 0.9112245522458905,
    "g": 0.5135069169394189,
    "late_centrality_scale": 0.06698895598821941,
    "late_mult_a": 1.5,
    "late_mult_b": 0.3,
    "late_mult_c": 0.5,
    "late_mult_d": 1.2,
    "late_mult_f": 0.5,
    "mid_lead_centrality_scale": 0.5579084231455642,
    "mid_lead_space_bonus": 0.7482522335811528,
    "mid_mult_a": 1.0,
    "mid_mult_b": 0.8,
    "mid_mult_c": 1.5,
    "mid_mult_d": 0.8,
    "mid_mult_f": 1.0,
    "mid_trailing_centrality_scale": 1.2530157412920222,
    "opening_centrality_scale": 1.4884731716020698,
    "opening_mult_a": 1.2,
    "opening_mult_b": 1.0,
    "opening_mult_c": 1.5,
    "opening_mult_d": 0.4,
    "opening_mult_f": 1.0,
    "sabotage_bonus": 3.3006070757853414,
    "threatened_cashout_bonus": 1.7369561281444565,
    "time_late_cap": 3.0,
    "time_late_multiplier": 1.0,
    "time_mid_cap": 6.0,
    "time_mid_multiplier": 1.4,
    "time_opening_cap": 8.0,
    "time_opening_multiplier": 1.8
  },
  "worst_fitness": 2.466
}
