{
  "best_fitness": 5.3265,
  "generation": 23,
  "mean_fitness": 4.777291666666667,
  "strict_validation_details": null,
  "strict_validation_passed": null,
  "weights": {
    "a": 0.5048010573247328,
    "b": 1.091488242398745,
    "c": 2.3422173000839814,
    "d": 0.176257781156564,
    "f": 0.5210148457041546,
    "fast_search_max_carpet_points": 12.276224929220868,
    "fast_search_prob_threshold": 0.6840565950108907,
    "g": 0.9508725563932958,
    "late_centrality_scale": 0.5808924103862863,
    "late_mult_a": 1.5,
    "late_mult_b": 0.3,
    "late_mult_c": 0.5,
    "late_mult_d": 1.2,
    "late_mult_f": 0.5,
    "mid_lead_centrality_scale": 1.292636667097623,
    "mid_lead_space_bonus": 1.9063252285877752,
    "mid_mult_a": 1.0,
    "mid_mult_b": 0.8,
    "mid_mult_c": 1.5,
    "mid_mult_d": 0.8,
    "mid_mult_f": 1.0,
    "mid_trailing_centrality_scale": 2.1711664486739006,
    "opening_centrality_scale": 1.527966583612066,
    "opening_mult_a": 1.2,
    "opening_mult_b": 1.0,
    "opening_mult_c": 1.5,
    "opening_mult_d": 0.4,
    "opening_mult_f": 1.0,
    "sabotage_bonus": 2.4444389027806985,
    "threatened_cashout_bonus": 1.4742745739484386,
    "time_late_cap": 3.0,
    "time_late_multiplier": 1.0,
    "time_mid_cap": 6.0,
    "time_mid_multiplier": 1.4,
    "time_opening_cap": 8.0,
    "time_opening_multiplier": 1.8
  },
  "worst_fitness": 4.076666666666666
}
