{
  "best_fitness": 6.333833333333333,
  "generation": 36,
  "mean_fitness": 5.853402777777778,
  "strict_validation_details": null,
  "strict_validation_passed": null,
  "weights": {
    "a": 0.6443903595091403,
    "b": 0.5978498681680204,
    "c": 2.892083149324596,
    "d": 0.5042347573559967,
    "f": 0.3213466677814528,
    "fast_search_max_carpet_points": 11.681898314199692,
    "fast_search_prob_threshold": 0.7676184056524723,
    "g": 1.0907834870246513,
    "late_centrality_scale": 1.3662048207848216,
    "late_mult_a": 1.5,
    "late_mult_b": 0.3,
    "late_mult_c": 0.5,
    "late_mult_d": 1.2,
    "late_mult_f": 0.5,
    "mid_lead_centrality_scale": 1.2375046385683839,
    "mid_lead_space_bonus": 0.4066568345984858,
    "mid_mult_a": 1.0,
    "mid_mult_b": 0.8,
    "mid_mult_c": 1.5,
    "mid_mult_d": 0.8,
    "mid_mult_f": 1.0,
    "mid_trailing_centrality_scale": 0.7932302931735722,
    "opening_centrality_scale": 0.9985523656306944,
    "opening_mult_a": 1.2,
    "opening_mult_b": 1.0,
    "opening_mult_c": 1.5,
    "opening_mult_d": 0.4,
    "opening_mult_f": 1.0,
    "sabotage_bonus": 4.610835131677578,
    "threatened_cashout_bonus": 0.7467049479813156,
    "time_late_cap": 3.0,
    "time_late_multiplier": 1.0,
    "time_mid_cap": 6.0,
    "time_mid_multiplier": 1.4,
    "time_opening_cap": 8.0,
    "time_opening_multiplier": 1.8
  },
  "worst_fitness": 5.569
}
