{
  "best_fitness": 5.799,
  "generation": 67,
  "mean_fitness": 5.260111111111111,
  "strict_validation_details": null,
  "strict_validation_passed": null,
  "weights": {
    "a": 0.903819354141193,
    "b": 1.1852467358248402,
    "c": 2.471882717814578,
    "d": 0.16226093114848128,
    "f": 0.6190543887148109,
    "fast_search_max_carpet_points": 10.821860709971386,
    "fast_search_prob_threshold": 0.6097386928067493,
    "g": 0.4018387262029992,
    "late_centrality_scale": 0.42071695510640433,
    "late_mult_a": 1.5,
    "late_mult_b": 0.3,
    "late_mult_c": 0.5,
    "late_mult_d": 1.2,
    "late_mult_f": 0.5,
    "mid_lead_centrality_scale": 1.3335989213504689,
    "mid_lead_space_bonus": 1.5791928449933448,
    "mid_mult_a": 1.0,
    "mid_mult_b": 0.8,
    "mid_mult_c": 1.5,
    "mid_mult_d": 0.8,
    "mid_mult_f": 1.0,
    "mid_trailing_centrality_scale": 0.976985536523916,
    "opening_centrality_scale": 1.1718084965120923,
    "opening_mult_a": 1.2,
    "opening_mult_b": 1.0,
    "opening_mult_c": 1.5,
    "opening_mult_d": 0.4,
    "opening_mult_f": 1.0,
    "sabotage_bonus": 5.154445285629725,
    "threatened_cashout_bonus": 0.643072377529446,
    "time_late_cap": 3.0,
    "time_late_multiplier": 1.0,
    "time_mid_cap": 6.0,
    "time_mid_multiplier": 1.4,
    "time_opening_cap": 8.0,
    "time_opening_multiplier": 1.8
  },
  "worst_fitness": 4.469666666666667
}
