{
  "best_fitness": 5.378,
  "generation": 57,
  "mean_fitness": 4.823055555555555,
  "strict_validation_details": null,
  "strict_validation_passed": null,
  "weights": {
    "a": 0.841216930889176,
    "b": 0.9806264188062347,
    "c": 2.9091196352084405,
    "d": 0.1621631556897689,
    "f": 0.5157544040840039,
    "fast_search_max_carpet_points": 10.541956025370814,
    "fast_search_prob_threshold": 0.5026256457231175,
    "g": 0.8565965813337075,
    "late_centrality_scale": 0.18662484557132436,
    "late_mult_a": 1.5,
    "late_mult_b": 0.3,
    "late_mult_c": 0.5,
    "late_mult_d": 1.2,
    "late_mult_f": 0.5,
    "mid_lead_centrality_scale": 0.766951301737742,
    "mid_lead_space_bonus": 1.7099225754429392,
    "mid_mult_a": 1.0,
    "mid_mult_b": 0.8,
    "mid_mult_c": 1.5,
    "mid_mult_d": 0.8,
    "mid_mult_f": 1.0,
    "mid_trailing_centrality_scale": 0.8074128760938857,
    "opening_centrality_scale": 1.507448935799127,
    "opening_mult_a": 1.2,
    "opening_mult_b": 1.0,
    "opening_mult_c": 1.5,
    "opening_mult_d": 0.4,
    "opening_mult_f": 1.0,
    "sabotage_bonus": 5.41920217425214,
    "threatened_cashout_bonus": 0.2146449328270708,
    "time_late_cap": 3.0,
    "time_late_multiplier": 1.0,
    "time_mid_cap": 6.0,
    "time_mid_multiplier": 1.4,
    "time_opening_cap": 8.0,
    "time_opening_multiplier": 1.8
  },
  "worst_fitness": 4.126166666666666
}
