{
  "best_fitness": 7.631333333333334,
  "generation": 8,
  "mean_fitness": 6.998388888888889,
  "strict_validation_details": null,
  "strict_validation_passed": null,
  "weights": {
    "a": 0.9022806999813614,
    "b": 0.7007778112703265,
    "c": 2.031905403441423,
    "d": 0.1764474697421757,
    "f": 0.8647572823124333,
    "fast_search_max_carpet_points": 12.305410639961357,
    "fast_search_prob_threshold": 0.9670832203320686,
    "g": 0.3442416839730381,
    "late_centrality_scale": 0.062058492859227654,
    "late_mult_a": 1.5,
    "late_mult_b": 0.3,
    "late_mult_c": 0.5,
    "late_mult_d": 1.2,
    "late_mult_f": 0.5,
    "mid_lead_centrality_scale": 0.48880253689694164,
    "mid_lead_space_bonus": 1.0798439313083086,
    "mid_mult_a": 1.0,
    "mid_mult_b": 0.8,
    "mid_mult_c": 1.5,
    "mid_mult_d": 0.8,
    "mid_mult_f": 1.0,
    "mid_trailing_centrality_scale": 1.3899888788542796,
    "opening_centrality_scale": 1.2065466962172835,
    "opening_mult_a": 1.2,
    "opening_mult_b": 1.0,
    "opening_mult_c": 1.5,
    "opening_mult_d": 0.4,
    "opening_mult_f": 1.0,
    "sabotage_bonus": 3.728953295322952,
    "threatened_cashout_bonus": 1.3095950446764038,
    "time_late_cap": 3.0,
    "time_late_multiplier": 1.0,
    "time_mid_cap": 6.0,
    "time_mid_multiplier": 1.4,
    "time_opening_cap": 8.0,
    "time_opening_multiplier": 1.8
  },
  "worst_fitness": 5.870666666666668
}
