{
  "best_fitness": 5.578833333333334,
  "generation": 35,
  "mean_fitness": 4.645972222222223,
  "strict_validation_details": null,
  "strict_validation_passed": null,
  "weights": {
    "a": 0.8868123814101903,
    "b": 0.481245557609595,
    "c": 2.883315953298614,
    "d": 0.3708520876561396,
    "f": 0.3681628019586862,
    "fast_search_max_carpet_points": 11.572311592134321,
    "fast_search_prob_threshold": 0.7464208287547467,
    "g": 0.5506300923273011,
    "late_centrality_scale": 1.0511252722446809,
    "late_mult_a": 1.5,
    "late_mult_b": 0.3,
    "late_mult_c": 0.5,
    "late_mult_d": 1.2,
    "late_mult_f": 0.5,
    "mid_lead_centrality_scale": 1.1529607078732003,
    "mid_lead_space_bonus": 0.5968457441756284,
    "mid_mult_a": 1.0,
    "mid_mult_b": 0.8,
    "mid_mult_c": 1.5,
    "mid_mult_d": 0.8,
    "mid_mult_f": 1.0,
    "mid_trailing_centrality_scale": 0.9545590330249738,
    "opening_centrality_scale": 1.2883077175590256,
    "opening_mult_a": 1.2,
    "opening_mult_b": 1.0,
    "opening_mult_c": 1.5,
    "opening_mult_d": 0.4,
    "opening_mult_f": 1.0,
    "sabotage_bonus": 4.44782687074947,
    "threatened_cashout_bonus": 1.1921662246140263,
    "time_late_cap": 3.0,
    "time_late_multiplier": 1.0,
    "time_mid_cap": 6.0,
    "time_mid_multiplier": 1.4,
    "time_opening_cap": 8.0,
    "time_opening_multiplier": 1.8
  },
  "worst_fitness": 3.496666666666667
}
