{
  "best_fitness": 7.885666666666668,
  "generation": 41,
  "mean_fitness": 7.426888888888889,
  "strict_validation_details": null,
  "strict_validation_passed": null,
  "weights": {
    "a": 0.5097647069379129,
    "b": 1.1722019322248958,
    "c": 2.7981508889424145,
    "d": 1.2012567776989826,
    "f": 0.5904432792857408,
    "fast_search_max_carpet_points": 11.641433732736898,
    "fast_search_prob_threshold": 0.6576723452740059,
    "g": 1.1934503759853055,
    "late_centrality_scale": 0.5913969847413607,
    "late_mult_a": 1.5,
    "late_mult_b": 0.3,
    "late_mult_c": 0.5,
    "late_mult_d": 1.2,
    "late_mult_f": 0.5,
    "mid_lead_centrality_scale": 0.6628878528272372,
    "mid_lead_space_bonus": 0.7827766348120061,
    "mid_mult_a": 1.0,
    "mid_mult_b": 0.8,
    "mid_mult_c": 1.5,
    "mid_mult_d": 0.8,
    "mid_mult_f": 1.0,
    "mid_trailing_centrality_scale": 0.9838153782202844,
    "opening_centrality_scale": 0.9962322419429097,
    "opening_mult_a": 1.2,
    "opening_mult_b": 1.0,
    "opening_mult_c": 1.5,
    "opening_mult_d": 0.4,
    "opening_mult_f": 1.0,
    "sabotage_bonus": 5.369405674515214,
    "threatened_cashout_bonus": 0.8860601323581123,
    "time_late_cap": 3.0,
    "time_late_multiplier": 1.0,
    "time_mid_cap": 6.0,
    "time_mid_multiplier": 1.4,
    "time_opening_cap": 8.0,
    "time_opening_multiplier": 1.8
  },
  "worst_fitness": 6.669333333333334
}
