{
  "best_fitness": 5.521000000000001,
  "generation": 47,
  "mean_fitness": 5.165222222222222,
  "strict_validation_details": null,
  "strict_validation_passed": null,
  "weights": {
    "a": 0.6795580149689477,
    "b": 1.1200975391568049,
    "c": 2.9323825178309475,
    "d": 0.6015284314108917,
    "f": 0.4144447101127068,
    "fast_search_max_carpet_points": 10.790508702040391,
    "fast_search_prob_threshold": 0.5018949082362958,
    "g": 1.4132553164195285,
    "late_centrality_scale": 0.8361193492812888,
    "late_mult_a": 1.5,
    "late_mult_b": 0.3,
    "late_mult_c": 0.5,
    "late_mult_d": 1.2,
    "late_mult_f": 0.5,
    "mid_lead_centrality_scale": 0.7565012692057158,
    "mid_lead_space_bonus": 0.9476453745357234,
    "mid_mult_a": 1.0,
    "mid_mult_b": 0.8,
    "mid_mult_c": 1.5,
    "mid_mult_d": 0.8,
    "mid_mult_f": 1.0,
    "mid_trailing_centrality_scale": 1.0801899205644938,
    "opening_centrality_scale": 1.2566416348139449,
    "opening_mult_a": 1.2,
    "opening_mult_b": 1.0,
    "opening_mult_c": 1.5,
    "opening_mult_d": 0.4,
    "opening_mult_f": 1.0,
    "sabotage_bonus": 5.349177471727173,
    "threatened_cashout_bonus": 0.035681455200335596,
    "time_late_cap": 3.0,
    "time_late_multiplier": 1.0,
    "time_mid_cap": 6.0,
    "time_mid_multiplier": 1.4,
    "time_opening_cap": 8.0,
    "time_opening_multiplier": 1.8
  },
  "worst_fitness": 4.569166666666667
}
