{
  "best_fitness": 7.559833333333334,
  "generation": 46,
  "mean_fitness": 7.176583333333333,
  "strict_validation_details": null,
  "strict_validation_passed": null,
  "weights": {
    "a": 0.6612727318553047,
    "b": 1.227205179397735,
    "c": 2.98421485644254,
    "d": 0.48559292154184297,
    "f": 0.23297452505762925,
    "fast_search_max_carpet_points": 11.217464793833502,
    "fast_search_prob_threshold": 0.6468757763971611,
    "g": 0.9727632792185332,
    "late_centrality_scale": 0.3745241551588593,
    "late_mult_a": 1.5,
    "late_mult_b": 0.3,
    "late_mult_c": 0.5,
    "late_mult_d": 1.2,
    "late_mult_f": 0.5,
    "mid_lead_centrality_scale": 1.2698222818014466,
    "mid_lead_space_bonus": 1.5702435176396063,
    "mid_mult_a": 1.0,
    "mid_mult_b": 0.8,
    "mid_mult_c": 1.5,
    "mid_mult_d": 0.8,
    "mid_mult_f": 1.0,
    "mid_trailing_centrality_scale": 0.804908162026916,
    "opening_centrality_scale": 0.8519232309749465,
    "opening_mult_a": 1.2,
    "opening_mult_b": 1.0,
    "opening_mult_c": 1.5,
    "opening_mult_d": 0.4,
    "opening_mult_f": 1.0,
    "sabotage_bonus": 5.574418220369878,
    "threatened_cashout_bonus": 0.27638584890185597,
    "time_late_cap": 3.0,
    "time_late_multiplier": 1.0,
    "time_mid_cap": 6.0,
    "time_mid_multiplier": 1.4,
    "time_opening_cap": 8.0,
    "time_opening_multiplier": 1.8
  },
  "worst_fitness": 6.682
}
