{
  "best_fitness": 6.589500000000001,
  "generation": 22,
  "mean_fitness": 6.027333333333334,
  "strict_validation_details": null,
  "strict_validation_passed": null,
  "weights": {
    "a": 1.1151368145654244,
    "b": 1.1089982590779677,
    "c": 2.960454523298992,
    "d": 0.3478565890422465,
    "f": 0.6105108123734133,
    "fast_search_max_carpet_points": 12.12508424890178,
    "fast_search_prob_threshold": 0.840890354986766,
    "g": 0.614427367823668,
    "late_centrality_scale": 0.7779363231354579,
    "late_mult_a": 1.5,
    "late_mult_b": 0.3,
    "late_mult_c": 0.5,
    "late_mult_d": 1.2,
    "late_mult_f": 0.5,
    "mid_lead_centrality_scale": 0.8073976974957773,
    "mid_lead_space_bonus": 1.6851770635588748,
    "mid_mult_a": 1.0,
    "mid_mult_b": 0.8,
    "mid_mult_c": 1.5,
    "mid_mult_d": 0.8,
    "mid_mult_f": 1.0,
    "mid_trailing_centrality_scale": 1.7150177970151743,
    "opening_centrality_scale": 1.7121080706406153,
    "opening_mult_a": 1.2,
    "opening_mult_b": 1.0,
    "opening_mult_c": 1.5,
    "opening_mult_d": 0.4,
    "opening_mult_f": 1.0,
    "sabotage_bonus": 2.5804821921599856,
    "threatened_cashout_bonus": 1.5198857085117443,
    "time_late_cap": 3.0,
    "time_late_multiplier": 1.0,
    "time_mid_cap": 6.0,
    "time_mid_multiplier": 1.4,
    "time_opening_cap": 8.0,
    "time_opening_multiplier": 1.8
  },
  "worst_fitness": 5.301500000000001
}
