{
  "best_fitness": 6.706999999999999,
  "generation": 58,
  "mean_fitness": 6.178472222222222,
  "strict_validation_details": null,
  "strict_validation_passed": null,
  "weights": {
    "a": 0.8751049991109717,
    "b": 1.0789770771050193,
    "c": 2.775091426265881,
    "d": 0.11335566596353007,
    "f": 0.8305928489296377,
    "fast_search_max_carpet_points": 10.715164286019172,
    "fast_search_prob_threshold": 0.5305745423425047,
    "g": 0.545688987767561,
    "late_centrality_scale": 0.32533675967952175,
    "late_mult_a": 1.5,
    "late_mult_b": 0.3,
    "late_mult_c": 0.5,
    "late_mult_d": 1.2,
    "late_mult_f": 0.5,
    "mid_lead_centrality_scale": 1.2383637871057243,
    "mid_lead_space_bonus": 1.6755515269222485,
    "mid_mult_a": 1.0,
    "mid_mult_b": 0.8,
    "mid_mult_c": 1.5,
    "mid_mult_d": 0.8,
    "mid_mult_f": 1.0,
    "mid_trailing_centrality_scale": 0.9595137193001847,
    "opening_centrality_scale": 1.3931662792345731,
    "opening_mult_a": 1.2,
    "opening_mult_b": 1.0,
    "opening_mult_c": 1.5,
    "opening_mult_d": 0.4,
    "opening_mult_f": 1.0,
    "sabotage_bonus": 5.419050738158528,
    "threatened_cashout_bonus": 0.2366276579718854,
    "time_late_cap": 3.0,
    "time_late_multiplier": 1.0,
    "time_mid_cap": 6.0,
    "time_mid_multiplier": 1.4,
    "time_opening_cap": 8.0,
    "time_opening_multiplier": 1.8
  },
  "worst_fitness": 5.719166666666667
}
