{
  "best_fitness": 6.121666666666667,
  "generation": 31,
  "mean_fitness": 5.436222222222223,
  "strict_validation_details": null,
  "strict_validation_passed": null,
  "weights": {
    "a": 1.0598705901810455,
    "b": 0.600126525164502,
    "c": 2.999961562208478,
    "d": 0.5085992894045008,
    "f": 0.5424400830947746,
    "fast_search_max_carpet_points": 11.707290963761805,
    "fast_search_prob_threshold": 0.7460835037962104,
    "g": 0.1452963190327029,
    "late_centrality_scale": 0.28130122449581074,
    "late_mult_a": 1.5,
    "late_mult_b": 0.3,
    "late_mult_c": 0.5,
    "late_mult_d": 1.2,
    "late_mult_f": 0.5,
    "mid_lead_centrality_scale": 1.2064857046205326,
    "mid_lead_space_bonus": 1.4359834884773868,
    "mid_mult_a": 1.0,
    "mid_mult_b": 0.8,
    "mid_mult_c": 1.5,
    "mid_mult_d": 0.8,
    "mid_mult_f": 1.0,
    "mid_trailing_centrality_scale": 1.0037310086035949,
    "opening_centrality_scale": 1.4977378119682638,
    "opening_mult_a": 1.2,
    "opening_mult_b": 1.0,
    "opening_mult_c": 1.5,
    "opening_mult_d": 0.4,
    "opening_mult_f": 1.0,
    "sabotage_bonus": 4.037559497039549,
    "threatened_cashout_bonus": 1.323570745106288,
    "time_late_cap": 3.0,
    "time_late_multiplier": 1.0,
    "time_mid_cap": 6.0,
    "time_mid_multiplier": 1.4,
    "time_opening_cap": 8.0,
    "time_opening_multiplier": 1.8
  },
  "worst_fitness": 4.968
}
