{
  "best_fitness": 10.395000000000001,
  "generation": 0,
  "mean_fitness": 7.737708333333334,
  "strict_validation_details": null,
  "strict_validation_passed": null,
  "weights": {
    "a": 1.4393722471738246,
    "b": 0.5976938840513899,
    "c": 1.2342739198825177,
    "d": 0.3268700766401605,
    "eval_chain_w": 0.8114309507114127,
    "eval_entry_adv_w": 3.436375402556491e-05,
    "eval_exit_w": 0.4187260368507168,
    "eval_potential_w": 0.4578697654120399,
    "eval_rat_w": 0.27297998922904065,
    "eval_trap_w": 0.8648195361859408,
    "f": 0.689778334402106,
    "farmable_ev_scale": 0.9,
    "farmable_margin_base": 0.15,
    "farmable_margin_slope": 0.2,
    "g": 0.2042899152487952,
    "late_mult_a": 1.5,
    "late_mult_b": 0.3,
    "late_mult_c": 0.5,
    "late_mult_d": 1.2,
    "late_mult_f": 0.5,
    "mid_mult_a": 1.0,
    "mid_mult_b": 0.8,
    "mid_mult_c": 1.5,
    "mid_mult_d": 0.8,
    "mid_mult_f": 1.0,
    "nonfarm_margin_base": 0.25,
    "nonfarm_margin_slope": 0.5,
    "opening_mult_a": 0.8,
    "opening_mult_b": 1.0,
    "opening_mult_c": 1.8,
    "opening_mult_d": 0.4,
    "opening_mult_f": 1.0,
    "opp_response_weight": 0.004507792951240165,
    "rat_nearby_w": 2.0,
    "rat_peak_thresh": 0.2,
    "rat_peak_w": 3.0,
    "time_late_cap": 3.0,
    "time_late_multiplier": 1.0,
    "time_mid_cap": 6.0,
    "time_mid_multiplier": 1.4,
    "time_opening_cap": 8.0,
    "time_opening_multiplier": 1.8
  },
  "worst_fitness": 5.5025
}
