{
  "best_fitness": 8.881875,
  "generation": 5,
  "mean_fitness": 7.658281249999999,
  "strict_validation_details": null,
  "strict_validation_passed": null,
  "weights": {
    "a": 1.3208085311083955,
    "b": 0.6225004540477487,
    "c": 1.2994101504124211,
    "d": 0.9749209691913838,
    "eval_chain_w": 0.7466682794876509,
    "eval_entry_adv_w": 0.13774643714388907,
    "eval_exit_w": 0.07938629488953233,
    "eval_potential_w": 0.7908566907738015,
    "eval_rat_w": 0.012450174740830343,
    "eval_trap_w": 0.6604702560934193,
    "f": 0.2250327208603572,
    "farmable_ev_scale": 0.9,
    "farmable_margin_base": 0.15,
    "farmable_margin_slope": 0.2,
    "g": 0.8429689140459556,
    "late_mult_a": 1.5,
    "late_mult_b": 0.3,
    "late_mult_c": 0.5,
    "late_mult_d": 1.2,
    "late_mult_f": 0.5,
    "mid_mult_a": 1.0,
    "mid_mult_b": 0.8,
    "mid_mult_c": 1.5,
    "mid_mult_d": 0.8,
    "mid_mult_f": 1.0,
    "nonfarm_margin_base": 0.25,
    "nonfarm_margin_slope": 0.5,
    "opening_mult_a": 0.8,
    "opening_mult_b": 1.0,
    "opening_mult_c": 1.8,
    "opening_mult_d": 0.4,
    "opening_mult_f": 1.0,
    "opp_response_weight": 0.08588752793346774,
    "rat_nearby_w": 2.0,
    "rat_peak_thresh": 0.2,
    "rat_peak_w": 3.0,
    "time_late_cap": 3.0,
    "time_late_multiplier": 1.0,
    "time_mid_cap": 6.0,
    "time_mid_multiplier": 1.4,
    "time_opening_cap": 8.0,
    "time_opening_multiplier": 1.8
  },
  "worst_fitness": 6.784375
}
