{
  "best_fitness": 10.200000000000001,
  "generation": 1,
  "mean_fitness": 8.307916666666667,
  "strict_validation_details": null,
  "strict_validation_passed": null,
  "weights": {
    "a": 1.3847154192236941,
    "b": 0.5600095693735836,
    "c": 1.2852679088425203,
    "d": 0.49803210211866433,
    "eval_chain_w": 0.6613869051268242,
    "eval_entry_adv_w": 0.06493462075021389,
    "eval_exit_w": 0.050877772708290296,
    "eval_potential_w": 0.8426158506248546,
    "eval_rat_w": 0.219087979058037,
    "eval_trap_w": 0.6998354693528245,
    "f": 0.5487413046131967,
    "farmable_ev_scale": 0.9,
    "farmable_margin_base": 0.15,
    "farmable_margin_slope": 0.2,
    "g": 0.5561140502879467,
    "late_mult_a": 1.5,
    "late_mult_b": 0.3,
    "late_mult_c": 0.5,
    "late_mult_d": 1.2,
    "late_mult_f": 0.5,
    "mid_mult_a": 1.0,
    "mid_mult_b": 0.8,
    "mid_mult_c": 1.5,
    "mid_mult_d": 0.8,
    "mid_mult_f": 1.0,
    "nonfarm_margin_base": 0.25,
    "nonfarm_margin_slope": 0.5,
    "opening_mult_a": 0.8,
    "opening_mult_b": 1.0,
    "opening_mult_c": 1.8,
    "opening_mult_d": 0.4,
    "opening_mult_f": 1.0,
    "opp_response_weight": 0.13686872048629686,
    "rat_nearby_w": 2.0,
    "rat_peak_thresh": 0.2,
    "rat_peak_w": 3.0,
    "time_late_cap": 3.0,
    "time_late_multiplier": 1.0,
    "time_mid_cap": 6.0,
    "time_mid_multiplier": 1.4,
    "time_opening_cap": 8.0,
    "time_opening_multiplier": 1.8
  },
  "worst_fitness": 6.1075
}
