{
  "best_fitness": 7.9825,
  "generation": 2,
  "mean_fitness": 6.893281250000001,
  "strict_validation_details": null,
  "strict_validation_passed": null,
  "weights": {
    "a": 1.2493310191625024,
    "b": 0.6823452976628842,
    "c": 1.4914693995009225,
    "d": 0.68429027506227,
    "eval_chain_w": 0.5655491087478596,
    "eval_entry_adv_w": 0.05634088448368371,
    "eval_exit_w": 0.052852079441049755,
    "eval_potential_w": 1.0377301290553396,
    "eval_rat_w": 0.38160064394832227,
    "eval_trap_w": 0.46058402257421577,
    "f": 0.38089521774104196,
    "farmable_ev_scale": 0.9,
    "farmable_margin_base": 0.15,
    "farmable_margin_slope": 0.2,
    "g": 0.49427038582789967,
    "late_mult_a": 1.5,
    "late_mult_b": 0.3,
    "late_mult_c": 0.5,
    "late_mult_d": 1.2,
    "late_mult_f": 0.5,
    "mid_mult_a": 1.0,
    "mid_mult_b": 0.8,
    "mid_mult_c": 1.5,
    "mid_mult_d": 0.8,
    "mid_mult_f": 1.0,
    "nonfarm_margin_base": 0.25,
    "nonfarm_margin_slope": 0.5,
    "opening_mult_a": 0.8,
    "opening_mult_b": 1.0,
    "opening_mult_c": 1.8,
    "opening_mult_d": 0.4,
    "opening_mult_f": 1.0,
    "opp_response_weight": 0.19207929238689087,
    "rat_nearby_w": 2.0,
    "rat_peak_thresh": 0.2,
    "rat_peak_w": 3.0,
    "time_late_cap": 3.0,
    "time_late_multiplier": 1.0,
    "time_mid_cap": 6.0,
    "time_mid_multiplier": 1.4,
    "time_opening_cap": 8.0,
    "time_opening_multiplier": 1.8
  },
  "worst_fitness": 5.351249999999999
}
