{
  "a": 1.4761833601539176,
  "b": 0.6173646055217824,
  "c": 1.4190268028671773,
  "d": 0.7348519813226468,
  "eval_chain_w": 0.6369120274868055,
  "eval_entry_adv_w": 0.004155397232526602,
  "eval_exit_w": 0.05444541777590678,
  "eval_potential_w": 0.6995354290756619,
  "eval_rat_w": 0.42915282919278336,
  "eval_trap_w": 0.3274138987962096,
  "f": 0.3049114034350455,
  "farmable_ev_scale": 0.9,
  "farmable_margin_base": 0.15,
  "farmable_margin_slope": 0.2,
  "g": 0.5725338223382377,
  "late_mult_a": 1.5,
  "late_mult_b": 0.3,
  "late_mult_c": 0.5,
  "late_mult_d": 1.2,
  "late_mult_f": 0.5,
  "mid_mult_a": 1.0,
  "mid_mult_b": 0.8,
  "mid_mult_c": 1.5,
  "mid_mult_d": 0.8,
  "mid_mult_f": 1.0,
  "nonfarm_margin_base": 0.25,
  "nonfarm_margin_slope": 0.5,
  "opening_mult_a": 0.8,
  "opening_mult_b": 1.0,
  "opening_mult_c": 1.8,
  "opening_mult_d": 0.4,
  "opening_mult_f": 1.0,
  "opp_response_weight": 0.24434566226453763,
  "rat_nearby_w": 2.0,
  "rat_peak_thresh": 0.2,
  "rat_peak_w": 3.0,
  "time_late_cap": 3.0,
  "time_late_multiplier": 1.0,
  "time_mid_cap": 6.0,
  "time_mid_multiplier": 1.4,
  "time_opening_cap": 8.0,
  "time_opening_multiplier": 1.8
}
