{
  "best_fitness": 0.5403571428571428,
  "generation": 0,
  "mean_fitness": -0.3885044642857144,
  "strict_validation_details": null,
  "strict_validation_passed": null,
  "weights": {
    "a": 1.3393629797830109,
    "b": 0.4289261539936854,
    "c": 1.2741479246183827,
    "carpet_counter_floor_early": 0.9495205180923824,
    "carpet_counter_floor_late": 1.9588724954472192,
    "carpet_counter_floor_pressure_gain": 1.4157570758285027,
    "d": 0.36430077541822725,
    "f": 0.7213926765471778,
    "fast_search_max_carpet_points": 12.0,
    "fast_search_prob_threshold": 0.8,
    "g": 0.5230973094564341,
    "late_centrality_scale": 0.28525488743978805,
    "late_mult_a": 1.5,
    "late_mult_b": 0.3,
    "late_mult_c": 0.5,
    "late_mult_d": 1.2,
    "late_mult_f": 0.5,
    "lookahead_carpet_risk_penalty": 0.5927417973545613,
    "mid_lead_centrality_scale": 0.7668376182977913,
    "mid_lead_space_bonus": 0.4764729506508975,
    "mid_mult_a": 1.0,
    "mid_mult_b": 0.8,
    "mid_mult_c": 1.5,
    "mid_mult_d": 0.8,
    "mid_mult_f": 1.0,
    "mid_trailing_centrality_scale": 1.151557413815323,
    "opening_centrality_scale": 1.5081546306391267,
    "opening_mult_a": 1.2,
    "opening_mult_b": 1.0,
    "opening_mult_c": 1.5,
    "opening_mult_d": 0.4,
    "opening_mult_f": 1.0,
    "sabotage_bonus": 3.5533031727976616,
    "search_gate_base_farm": 0.2235243552599269,
    "search_gate_base_nonfarm": 0.34577728079054004,
    "search_gate_slope_farm": 0.2200997157283302,
    "search_gate_slope_nonfarm": 0.46602980811289124,
    "threatened_cashout_bonus": 1.7804670081818796,
    "time_late_cap": 3.0,
    "time_late_multiplier": 1.0,
    "time_mid_cap": 6.0,
    "time_mid_multiplier": 1.4,
    "time_opening_cap": 8.0,
    "time_opening_multiplier": 1.8
  },
  "worst_fitness": -1.3217857142857146
}
