{
  "best_fitness": 0.9946428571428572,
  "generation": 2,
  "mean_fitness": 0.38852678571428567,
  "strict_validation_details": null,
  "strict_validation_passed": null,
  "weights": {
    "a": 1.3351143114622277,
    "b": 0.3792253797728201,
    "c": 1.3505731981527047,
    "carpet_counter_floor_early": 0.9307933570905182,
    "carpet_counter_floor_late": 2.1297521403648614,
    "carpet_counter_floor_pressure_gain": 1.5588742120001866,
    "d": 0.31570869414612823,
    "f": 0.7596938318998306,
    "fast_search_max_carpet_points": 12.0,
    "fast_search_prob_threshold": 0.8,
    "g": 0.5583745612271228,
    "late_centrality_scale": 0.27023962527542783,
    "late_mult_a": 1.5,
    "late_mult_b": 0.3,
    "late_mult_c": 0.5,
    "late_mult_d": 1.2,
    "late_mult_f": 0.5,
    "lookahead_carpet_risk_penalty": 0.6597478865615083,
    "mid_lead_centrality_scale": 0.7051148276641692,
    "mid_lead_space_bonus": 0.5706303623162958,
    "mid_mult_a": 1.0,
    "mid_mult_b": 0.8,
    "mid_mult_c": 1.5,
    "mid_mult_d": 0.8,
    "mid_mult_f": 1.0,
    "mid_trailing_centrality_scale": 1.244259915896065,
    "opening_centrality_scale": 1.4960371488467328,
    "opening_mult_a": 1.2,
    "opening_mult_b": 1.0,
    "opening_mult_c": 1.5,
    "opening_mult_d": 0.4,
    "opening_mult_f": 1.0,
    "sabotage_bonus": 3.4050783628305914,
    "search_gate_base_farm": 0.23844715409433556,
    "search_gate_base_nonfarm": 0.32106346739544145,
    "search_gate_slope_farm": 0.21067904894629136,
    "search_gate_slope_nonfarm": 0.41777124689102735,
    "threatened_cashout_bonus": 1.6861574442451661,
    "time_late_cap": 3.0,
    "time_late_multiplier": 1.0,
    "time_mid_cap": 6.0,
    "time_mid_multiplier": 1.4,
    "time_opening_cap": 8.0,
    "time_opening_multiplier": 1.8
  },
  "worst_fitness": -0.7371428571428571
}
