{
  "best_fitness": 2.1439285714285714,
  "generation": 1,
  "mean_fitness": 0.9281473214285713,
  "strict_validation_details": null,
  "strict_validation_passed": null,
  "weights": {
    "a": 1.3212653614914507,
    "b": 0.4698481082838371,
    "c": 1.382813993287585,
    "carpet_counter_floor_early": 0.9396292739564839,
    "carpet_counter_floor_late": 1.838056005059479,
    "carpet_counter_floor_pressure_gain": 1.4325821789194437,
    "d": 0.28787951092663533,
    "f": 0.8317589315950766,
    "fast_search_max_carpet_points": 12.0,
    "fast_search_prob_threshold": 0.8,
    "g": 0.5172464401475064,
    "late_centrality_scale": 0.30472637853826373,
    "late_mult_a": 1.5,
    "late_mult_b": 0.3,
    "late_mult_c": 0.5,
    "late_mult_d": 1.2,
    "late_mult_f": 0.5,
    "lookahead_carpet_risk_penalty": 0.6703094213741257,
    "mid_lead_centrality_scale": 0.7193347123986499,
    "mid_lead_space_bonus": 0.47004965966563783,
    "mid_mult_a": 1.0,
    "mid_mult_b": 0.8,
    "mid_mult_c": 1.5,
    "mid_mult_d": 0.8,
    "mid_mult_f": 1.0,
    "mid_trailing_centrality_scale": 1.2978510920179918,
    "opening_centrality_scale": 1.5143761304956105,
    "opening_mult_a": 1.2,
    "opening_mult_b": 1.0,
    "opening_mult_c": 1.5,
    "opening_mult_d": 0.4,
    "opening_mult_f": 1.0,
    "sabotage_bonus": 3.6053583274056615,
    "search_gate_base_farm": 0.24274944783179964,
    "search_gate_base_nonfarm": 0.35375298200587496,
    "search_gate_slope_farm": 0.19355521408498597,
    "search_gate_slope_nonfarm": 0.4500603929686091,
    "threatened_cashout_bonus": 1.9200739488437948,
    "time_late_cap": 3.0,
    "time_late_multiplier": 1.0,
    "time_mid_cap": 6.0,
    "time_mid_multiplier": 1.4,
    "time_opening_cap": 8.0,
    "time_opening_multiplier": 1.8
  },
  "worst_fitness": -0.23750000000000016
}
