{
  "best_fitness": 1.8842857142857143,
  "generation": 3,
  "mean_fitness": 0.7269196428571427,
  "strict_validation_details": null,
  "strict_validation_passed": null,
  "weights": {
    "a": 1.3600770918810514,
    "b": 0.47866364505428477,
    "c": 1.4548932141994617,
    "carpet_counter_floor_early": 1.0216087376632785,
    "carpet_counter_floor_late": 2.050260990190047,
    "carpet_counter_floor_pressure_gain": 1.4751470539329992,
    "d": 0.32549679539398507,
    "f": 0.726128802005186,
    "fast_search_max_carpet_points": 12.0,
    "fast_search_prob_threshold": 0.8,
    "g": 0.5530178529664548,
    "late_centrality_scale": 0.3719429824694906,
    "late_mult_a": 1.5,
    "late_mult_b": 0.3,
    "late_mult_c": 0.5,
    "late_mult_d": 1.2,
    "late_mult_f": 0.5,
    "lookahead_carpet_risk_penalty": 0.5696564924499226,
    "mid_lead_centrality_scale": 0.7610989561915067,
    "mid_lead_space_bonus": 0.49632871618210284,
    "mid_mult_a": 1.0,
    "mid_mult_b": 0.8,
    "mid_mult_c": 1.5,
    "mid_mult_d": 0.8,
    "mid_mult_f": 1.0,
    "mid_trailing_centrality_scale": 1.1661184063519339,
    "opening_centrality_scale": 1.5583626959180497,
    "opening_mult_a": 1.2,
    "opening_mult_b": 1.0,
    "opening_mult_c": 1.5,
    "opening_mult_d": 0.4,
    "opening_mult_f": 1.0,
    "sabotage_bonus": 4.1013030443101055,
    "search_gate_base_farm": 0.22417875085371466,
    "search_gate_base_nonfarm": 0.33876638423188793,
    "search_gate_slope_farm": 0.24449607081058522,
    "search_gate_slope_nonfarm": 0.42032064023886234,
    "threatened_cashout_bonus": 1.8942980675867436,
    "time_late_cap": 3.0,
    "time_late_multiplier": 1.0,
    "time_mid_cap": 6.0,
    "time_mid_multiplier": 1.4,
    "time_opening_cap": 8.0,
    "time_opening_multiplier": 1.8
  },
  "worst_fitness": -0.5803571428571427
}
