{
  "best_fitness": 6.187500000000002,
  "generation": 0,
  "mean_fitness": 5.075,
  "strict_validation_details": null,
  "strict_validation_passed": null,
  "weights": {
    "a": 1.4609434159508863,
    "b": 0.2420031787519009,
    "c": 1.3500902391612914,
    "d": 0.5381129432782428,
    "f": 0.3597929622692327,
    "fast_search_max_carpet_points": 12.093501868450408,
    "fast_search_prob_threshold": 0.98,
    "g": 0.23956409862753636,
    "late_centrality_scale": 0.12939121448528396,
    "late_mult_a": 1.5,
    "late_mult_b": 0.3,
    "late_mult_c": 0.5,
    "late_mult_d": 1.2,
    "late_mult_f": 0.5,
    "mid_lead_centrality_scale": 0.6367514815312835,
    "mid_lead_space_bonus": 0.6758795949725658,
    "mid_mult_a": 1.0,
    "mid_mult_b": 0.8,
    "mid_mult_c": 1.5,
    "mid_mult_d": 0.8,
    "mid_mult_f": 1.0,
    "mid_trailing_centrality_scale": 1.196639768499142,
    "opening_centrality_scale": 1.525568080633457,
    "opening_mult_a": 1.2,
    "opening_mult_b": 1.0,
    "opening_mult_c": 1.5,
    "opening_mult_d": 0.4,
    "opening_mult_f": 1.0,
    "sabotage_bonus": 3.5132061395122434,
    "threatened_cashout_bonus": 2.1555583870857897,
    "time_late_cap": 3.0,
    "time_late_multiplier": 1.0,
    "time_mid_cap": 6.0,
    "time_mid_multiplier": 1.4,
    "time_opening_cap": 8.0,
    "time_opening_multiplier": 1.8
  },
  "worst_fitness": 3.962499999999999
}
