{
  "a": 1.2010776311870885,
  "b": 0.7549244087569383,
  "c": 2.342539238534484,
  "carpet_counter_floor_early": 0.18035711844980046,
  "carpet_counter_floor_late": 1.5206930890944876,
  "carpet_counter_floor_pressure_gain": 1.479271751593143,
  "d": 0.46984456600224517,
  "f": 0.6654447116935807,
  "fast_search_max_carpet_points": 12.0,
  "fast_search_prob_threshold": 0.8,
  "g": 0.4859692255016024,
  "late_centrality_scale": 0.5178997280327584,
  "late_mult_a": 1.5,
  "late_mult_b": 0.3,
  "late_mult_c": 0.5,
  "late_mult_d": 1.2,
  "late_mult_f": 0.5,
  "lookahead_carpet_risk_penalty": 0.4516127050466923,
  "mid_lead_centrality_scale": 0.8344454295185092,
  "mid_lead_space_bonus": 0.9974901009617545,
  "mid_mult_a": 1.0,
  "mid_mult_b": 0.8,
  "mid_mult_c": 1.5,
  "mid_mult_d": 0.8,
  "mid_mult_f": 1.0,
  "mid_trailing_centrality_scale": 1.0653936113401892,
  "opening_centrality_scale": 1.7320165905888805,
  "opening_mult_a": 1.2,
  "opening_mult_b": 1.0,
  "opening_mult_c": 1.5,
  "opening_mult_d": 0.4,
  "opening_mult_f": 1.0,
  "sabotage_bonus": 2.488208371248288,
  "search_gate_base_farm": 0.24423337512383805,
  "search_gate_base_nonfarm": 0.3879626797406851,
  "search_gate_slope_farm": 0.08299503231677213,
  "search_gate_slope_nonfarm": 0.45065304564824554,
  "threatened_cashout_bonus": 1.485958028718913,
  "time_late_cap": 3.0,
  "time_late_multiplier": 1.0,
  "time_mid_cap": 6.0,
  "time_mid_multiplier": 1.4,
  "time_opening_cap": 8.0,
  "time_opening_multiplier": 1.8
}
