{
  "a": 1.2315658234053053,
  "b": 0.8413889178515472,
  "c": 2.443827250595496,
  "d": 0.1346963294878325,
  "f": 0.7768165715362956,
  "fast_search_max_carpet_points": 12.28561131689218,
  "fast_search_prob_threshold": 0.9491829660094236,
  "g": 0.26360615823460376,
  "late_centrality_scale": 0.09508799273463889,
  "late_mult_a": 1.5,
  "late_mult_b": 0.3,
  "late_mult_c": 0.5,
  "late_mult_d": 1.2,
  "late_mult_f": 0.5,
  "mid_lead_centrality_scale": 1.0876452524851472,
  "mid_lead_space_bonus": 1.2035632350069545,
  "mid_mult_a": 1.0,
  "mid_mult_b": 0.8,
  "mid_mult_c": 1.5,
  "mid_mult_d": 0.8,
  "mid_mult_f": 1.0,
  "mid_trailing_centrality_scale": 1.2490069935178725,
  "opening_centrality_scale": 1.2476203778988082,
  "opening_mult_a": 1.2,
  "opening_mult_b": 1.0,
  "opening_mult_c": 1.5,
  "opening_mult_d": 0.4,
  "opening_mult_f": 1.0,
  "sabotage_bonus": 3.83978857814414,
  "threatened_cashout_bonus": 1.386124732440375,
  "time_late_cap": 3.0,
  "time_late_multiplier": 1.0,
  "time_mid_cap": 6.0,
  "time_mid_multiplier": 1.4,
  "time_opening_cap": 8.0,
  "time_opening_multiplier": 1.8
}
