{
  "alpha": 1.215911837452353,
  "beta": 0.4131271286823942,
  "delta": 0.051944494156730206,
  "epsilon": 0.11172728780442961,
  "gamma": 0.07751418252774772,
  "info_entropy_gate": 0.75,
  "lambda_denial": 0.3,
  "omega_threat": 0.6170503793474362,
  "search_gate_base_farm": 0.22,
  "search_gate_base_nonfarm": 0.35,
  "search_gate_slope_farm": 0.22,
  "search_gate_slope_nonfarm": 0.5,
  "time_complex_max": 1.6,
  "time_complex_min": 0.7,
  "time_fraction_cap": 0.25,
  "time_late_multiplier": 1.2,
  "time_mid_multiplier": 1.6,
  "time_opening_multiplier": 1.8,
  "time_reserve": 5.0
}
